Workbook

Sheet ilustração
A1: RETRANCA | B1: STATUS | C1: CATEGORIA | D1: LOCALIZAÇÃO | E1: PÁGINA | F1: VOLUME | G1: UNIDADE | H1: CAPÍTULO ou SEÇÃO | I1: TIPO | J1: NOME DA OBRA PARA RESGATE | K1: PÁGINA PARA RESGATE | L1: VOLUME PARA RESGATE | M1: VERSÃO PARA RESGATE | N1: PROPRIEDADE | O1: DESCRIÇÃO DA IMAGEM | P1: OBSERVAÇÃO DO EDITORIAL/NÚCLEO | Q1: LOTE | R1: DATA DE LIBERAÇÃO DO LOTE PARA ARTE | S1: DATA DE ENVIO DO PEDIDO | T1: DATA DO RECEBIMENTO DO RAFE | U1: DATA DE RETORNO DO RAFE PARA ILUSTRADOR | V1: DATA DE RECEBIMENTO DA FINALIZADA | W1: SIGLA | X1: ILUSTRADOR CRIAÇÃO | Y1: ILUSTRADOR AJUSTES | Z1: CRÉDITOS (A e B) | AA1: CLASSIFICAÇÃO | AB1: OBSERVAÇÃO DA ARTE | AC1: OBSERVAÇÃO DE PAGAMENTO | AD1: PROJETO
A2: i0102_1p011chg_g27_e001 | B2: APLICADA | C2: ILUSTRAÇÃO | D2: MIOLO | E2: 18 | F2: 1 | G2: 1 | I2: RESGATE | O2: Resgatar ilustração de menino com balão de pensamento, no balão tem um martelo, uma pera e 3 pontos de interrogação. Veio do 1NPI_G23_LT_MDN, P. 14, código antigo: i0242id_1npg_g23_mdn | W2: id | X2: =IF(Tabela2[[#This Row],[SIGLA]]="","",VLOOKUP(Tabela2[[#This Row],[SIGLA]],créditos_base!B:C,2,0)) -> REINALDO ROSA/ARQUIVO DA EDITORA | Z2: =Tabela2[[#This Row],[ILUSTRADOR CRIAÇÃO]] -> REINALDO ROSA/ARQUIVO DA EDITORA | AD2: ="EF1 E001 HGC" -> EF1 E001 HGC
A3: if0103_1p011chg_g27_e001 | B3: APLICADA | C3: ILUSTRAÇÃO | D3: MIOLO | E3: 20 | F3: 1 | G3: 1 | I3: AJUSTE | O3: Ilustração com foto da professora na sala de aula com os alunos, apresentando as partes do corpo de um menino página 12, g23_mdn_lt_1npc, código antigo i0206ly_1pmc_g19_mdn_ef Vem do 1npc_g23_mdn p. 12. Ajuste: inserir um aparelho auditivo no menino da esquerda, parte inferior da ilustração | Q3: 1 | R3: 45740 | S3: 45740 | V3: 45772 | W3: ly | X3: =IF(Tabela2[[#This Row],[SIGLA]]="","",VLOOKUP(Tabela2[[#This Row],[SIGLA]],créditos_base!B:C,2,0)) -> LISLLEY GOMES FEIGE/ARQUIVO DA EDITORA | Y3: Felipe Grigoli | Z3: =Tabela2[[#This Row],[ILUSTRADOR CRIAÇÃO]] -> LISLLEY GOMES FEIGE/ARQUIVO DA EDITORA | AA3: 13 | AB3: Ajuste Simples | AC3: FINALIZADO | AD3: ="EF1 E001 HGC" -> EF1 E001 HGC
A4: if0104_1p011chg_g27_e001 | B4: APLICADA | C4: ILUSTRAÇÃO | D4: MIOLO | E4: 21 | F4: 1 | G4: 1 | I4: RESGATE | O4: Resgatar ilustração com foto da professora em pé na sala de aula, apresentando as partes do corpo de um menino, g23_mdn_lt_1npc, código antigo i0207ly_1pmc_g19_mdn_ef. Vem do 1 NPC_G23_MDN_LT, página 13 | W4: ly | X4: =IF(Tabela2[[#This Row],[SIGLA]]="","",VLOOKUP(Tabela2[[#This Row],[SIGLA]],créditos_base!B:C,2,0)) -> LISLLEY GOMES FEIGE/ARQUIVO DA EDITORA | Z4: =Tabela2[[#This Row],[ILUSTRADOR CRIAÇÃO]] -> LISLLEY GOMES FEIGE/ARQUIVO DA EDITORA | AD4: ="EF1 E001 HGC" -> EF1 E001 HGC
A5: i0105_1p011chg_g27_e001 | B5: APLICADA | C5: ILUSTRAÇÃO | D5: MIOLO | E5: 22 | F5: 1 | G5: 1 | I5: RESGATE | O5: Resgatar ilustração do boné. Vem do 1 NPC G23_MDN_LT página 14, g23_mdn_lt_1npc, código antigo i0208ec_1pmc_g19_mdn | W5: ec | X5: =IF(Tabela2[[#This Row],[SIGLA]]="","",VLOOKUP(Tabela2[[#This Row],[SIGLA]],créditos_base!B:C,2,0)) -> MÁRCIO GUERRA/ARQUIVO DA EDITORA | Z5: =Tabela2[[#This Row],[ILUSTRADOR CRIAÇÃO]] -> MÁRCIO GUERRA/ARQUIVO DA EDITORA | AD5: ="EF1 E001 HGC" -> EF1 E001 HGC
A6: i0106_1p011chg_g27_e001 | B6: APLICADA | C6: ILUSTRAÇÃO | D6: MIOLO | E6: 22 | F6: 1 | G6: 1 | I6: RESGATE | O6: Resgatar ilustração de camiseta. Vem do 1 NPC G23_MDN_LT página 14, g23_mdn_lt_1npc, código antigo i0209ec_1pmc_g19_mdn | W6: ec | X6: =IF(Tabela2[[#This Row],[SIGLA]]="","",VLOOKUP(Tabela2[[#This Row],[SIGLA]],créditos_base!B:C,2,0)) -> MÁRCIO GUERRA/ARQUIVO DA EDITORA | Z6: =Tabela2[[#This Row],[ILUSTRADOR CRIAÇÃO]] -> MÁRCIO GUERRA/ARQUIVO DA EDITORA | AD6: ="EF1 E001 HGC" -> EF1 E001 HGC
A7: i0107_1p011chg_g27_e001 | B7: APLICADA | C7: ILUSTRAÇÃO | D7: MIOLO | E7: 22 | F7: 1 | G7: 1 | I7: RESGATE | O7: Resgatar ilustração de bermuda. Vem do 1 NPC G23_MDN_LT página 14, g23_mdn_lt_1npc, código antigo i0210ec_1pmc_g19_mdn | W7: ec | X7: =IF(Tabela2[[#This Row],[SIGLA]]="","",VLOOKUP(Tabela2[[#This Row],[SIGLA]],créditos_base!B:C,2,0)) -> MÁRCIO GUERRA/ARQUIVO DA EDITORA | Z7: =Tabela2[[#This Row],[ILUSTRADOR CRIAÇÃO]] -> MÁRCIO GUERRA/ARQUIVO DA EDITORA | AD7: ="EF1 E001 HGC" -> EF1 E001 HGC
A8: i0108_1p011chg_g27_e001 | B8: APLICADA | C8: ILUSTRAÇÃO | D8: MIOLO | E8: 22 | F8: 1 | G8: 1 | I8: RESGATE | O8: Resgatar ilustração de tênis. Vem do 1 NPC G23_MDN_LT página 14, g23_mdn_lt_1npc, código antigo i0211ec_1pmc_g19_mdn | W8: ec | X8: =IF(Tabela2[[#This Row],[SIGLA]]="","",VLOOKUP(Tabela2[[#This Row],[SIGLA]],créditos_base!B:C,2,0)) -> MÁRCIO GUERRA/ARQUIVO DA EDITORA | Z8: =Tabela2[[#This Row],[ILUSTRADOR CRIAÇÃO]] -> MÁRCIO GUERRA/ARQUIVO DA EDITORA | AD8: ="EF1 E001 HGC" -> EF1 E001 HGC
A9: i0109_1p011chg_g27_e001 | B9: APLICADA | C9: ILUSTRAÇÃO | D9: MIOLO | E9: 22 | F9: 1 | G9: 1 | I9: RESGATE | O9: Resgatar ilustração de um menino de cueca. Vem do 1 NPC G23_MDN_LT página 14, g23_mdn_lt_1npc, código antigo i0212ec_1pmc_g19_mdn | W9: ec | X9: =IF(Tabela2[[#This Row],[SIGLA]]="","",VLOOKUP(Tabela2[[#This Row],[SIGLA]],créditos_base!B:C,2,0)) -> MÁRCIO GUERRA/ARQUIVO DA EDITORA | Z9: =Tabela2[[#This Row],[ILUSTRADOR CRIAÇÃO]] -> MÁRCIO GUERRA/ARQUIVO DA EDITORA | AD9: ="EF1 E001 HGC" -> EF1 E001 HGC
A10: i0111_1p011chg_g27_e001 | B10: APLICADA | C10: ILUSTRAÇÃO | D10: MIOLO | E10: 26 | F10: 1 | G10: 1 | I10: RESGATE | O10: Resgatar ilustração de menina com perspectiva de frente. Código antigo: i0203dd_1pmg_g19_mdn Vem do 1NPI_G23_MDN_LT P. 22 | W10: dd | X10: =IF(Tabela2[[#This Row],[SIGLA]]="","",VLOOKUP(Tabela2[[#This Row],[SIGLA]],créditos_base!B:C,2,0)) -> DANILO SANTOS/ARQUIVO DA EDITORA | Z10: =Tabela2[[#This Row],[ILUSTRADOR CRIAÇÃO]] -> DANILO SANTOS/ARQUIVO DA EDITORA | AD10: ="EF1 E001 HGC" -> EF1 E001 HGC
A11: i0112_1p011chg_g27_e001 | B11: APLICADA | C11: ILUSTRAÇÃO | D11: MIOLO | E11: 26 | F11: 1 | G11: 1 | I11: RESGATE | O11: Resgatar Ilustração de menina com perspectiva de costa. Código antigo: i0204dd_1pmg_g19_mdn. Vem do 1NPI_G23_MDN_LT P. 22 | W11: dd | X11: =IF(Tabela2[[#This Row],[SIGLA]]="","",VLOOKUP(Tabela2[[#This Row],[SIGLA]],créditos_base!B:C,2,0)) -> DANILO SANTOS/ARQUIVO DA EDITORA | Z11: =Tabela2[[#This Row],[ILUSTRADOR CRIAÇÃO]] -> DANILO SANTOS/ARQUIVO DA EDITORA | AD11: ="EF1 E001 HGC" -> EF1 E001 HGC
A12: i0113_1p011chg_g27_e001 | B12: APLICADA | C12: ILUSTRAÇÃO | D12: MIOLO | E12: 27 | F12: 1 | G12: 1 | I12: RESGATE | O12: Resgatar ilustração de menino com perspectiva de frente. Código antigo: i0205dd_1pmg_g19_mdn. Vem do 1NPI_G23_MDN_LT P. 23 | W12: dd | X12: =IF(Tabela2[[#This Row],[SIGLA]]="","",VLOOKUP(Tabela2[[#This Row],[SIGLA]],créditos_base!B:C,2,0)) -> DANILO SANTOS/ARQUIVO DA EDITORA | Z12: =Tabela2[[#This Row],[ILUSTRADOR CRIAÇÃO]] -> DANILO SANTOS/ARQUIVO DA EDITORA | AD12: ="EF1 E001 HGC" -> EF1 E001 HGC
A13: i0114_1p011chg_g27_e001 | B13: APLICADA | C13: ILUSTRAÇÃO | D13: MIOLO | E13: 27 | F13: 1 | G13: 1 | I13: RESGATE | O13: Resgatar ilustração de menino com perspectiva de costa. Código antigo: i0206dd_1pmg_g19_mdn. Vem do 1NPC G23 P. 23 | W13: dd | X13: =IF(Tabela2[[#This Row],[SIGLA]]="","",VLOOKUP(Tabela2[[#This Row],[SIGLA]],créditos_base!B:C,2,0)) -> DANILO SANTOS/ARQUIVO DA EDITORA | Z13: =Tabela2[[#This Row],[ILUSTRADOR CRIAÇÃO]] -> DANILO SANTOS/ARQUIVO DA EDITORA | AD13: ="EF1 E001 HGC" -> EF1 E001 HGC
A14: i0115_1p011chg_g27_e001 | B14: PRONTA | C14: ILUSTRAÇÃO | D14: MIOLO | E14: 28 | F14: 1 | G14: 1 | I14: AJUSTE | O14: Resgatar ilustração de mão esquerda. Código antigo: i0261co_1npg_g23_mdn_aj Veio do g23_mdn_lt_1npi_p25 | R14: 45891 | S14: 45895 | V14: 45895 | W14: co | X14: =IF(Tabela2[[#This Row],[SIGLA]]="","",VLOOKUP(Tabela2[[#This Row],[SIGLA]],créditos_base!B:C,2,0)) -> CAROLINE ROMÃO BEZERRA/ARQUIVO DA EDITORA | Y14: Rafaela Panissa | Z14: =Tabela2[[#This Row],[ILUSTRADOR CRIAÇÃO]] -> CAROLINE ROMÃO BEZERRA/ARQUIVO DA EDITORA | AA14: 13 | AB14: Resgate ajuste | AC14: FINALIZADO | AD14: ="EF1 E001 HGC" -> EF1 E001 HGC
A15: i0116_1p011chg_g27_e001 | B15: PRONTA | C15: ILUSTRAÇÃO | D15: MIOLO | E15: 28 | F15: 1 | G15: 1 | I15: AJUSTE | O15: Resgatar ilustração de mão direita i0264co_1npg_g23_mdn_aj Veio do g23_mdn_lt_1npi_p25 | R15: 45891 | S15: 45895 | V15: 45895 | W15: co | X15: =IF(Tabela2[[#This Row],[SIGLA]]="","",VLOOKUP(Tabela2[[#This Row],[SIGLA]],créditos_base!B:C,2,0)) -> CAROLINE ROMÃO BEZERRA/ARQUIVO DA EDITORA | Y15: Rafaela Panissa | Z15: =Tabela2[[#This Row],[ILUSTRADOR CRIAÇÃO]] -> CAROLINE ROMÃO BEZERRA/ARQUIVO DA EDITORA | AA15: 13 | AB15: Resgate ajuste | AC15: FINALIZADO | AD15: ="EF1 E001 HGC" -> EF1 E001 HGC
A16: i0117_1p011chg_g27_e001 | B16: PRONTA | C16: ILUSTRAÇÃO | D16: MIOLO | E16: 28 | F16: 1 | G16: 1 | I16: AJUSTE | O16: Resgatar ilustração de mão esquerda i0262co_1npg_g23_mdn_aj Veio do g23_mdn_lt_1npi_p25 | Q16: 30 | R16: 45891 | S16: 45895 | V16: 45895 | W16: co | X16: =IF(Tabela2[[#This Row],[SIGLA]]="","",VLOOKUP(Tabela2[[#This Row],[SIGLA]],créditos_base!B:C,2,0)) -> CAROLINE ROMÃO BEZERRA/ARQUIVO DA EDITORA | Y16: Rafaela Panissa | Z16: =Tabela2[[#This Row],[ILUSTRADOR CRIAÇÃO]] -> CAROLINE ROMÃO BEZERRA/ARQUIVO DA EDITORA | AA16: 13 | AB16: Resgate ajuste | AC16: FINALIZADO | AD16: ="EF1 E001 HGC" -> EF1 E001 HGC
A17: i0118_1p011chg_g27_e001 | B17: PRONTA | C17: ILUSTRAÇÃO | D17: MIOLO | E17: 28 | F17: 1 | G17: 1 | I17: AJUSTE | O17: Resgatar ilustração de mão esquerda. Código antigo: i0259co_1npg_g23_mdn_aj Veio do g23_mdn_lt_1npi_p25 | Q17: 30 | R17: 45891 | S17: 45895 | V17: 45895 | W17: co | X17: =IF(Tabela2[[#This Row],[SIGLA]]="","",VLOOKUP(Tabela2[[#This Row],[SIGLA]],créditos_base!B:C,2,0)) -> CAROLINE ROMÃO BEZERRA/ARQUIVO DA EDITORA | Y17: Rafaela Panissa | Z17: =Tabela2[[#This Row],[ILUSTRADOR CRIAÇÃO]] -> CAROLINE ROMÃO BEZERRA/ARQUIVO DA EDITORA | AA17: 13 | AB17: Resgate ajuste | AC17: FINALIZADO | AD17: ="EF1 E001 HGC" -> EF1 E001 HGC
A18: i0119_1p011chg_g27_e001 | B18: PRONTA | C18: ILUSTRAÇÃO | D18: MIOLO | E18: 28 | F18: 1 | G18: 1 | I18: AJUSTE | O18: Resgatar ilustração de mão direita. Código antigo: i0263co_1npg_g23_mdn_aj - Veio do g23_mdn_lt_1npi_p25 | R18: 45891 | S18: 45895 | V18: 45895 | W18: co | X18: =IF(Tabela2[[#This Row],[SIGLA]]="","",VLOOKUP(Tabela2[[#This Row],[SIGLA]],créditos_base!B:C,2,0)) -> CAROLINE ROMÃO BEZERRA/ARQUIVO DA EDITORA | Y18: Rafaela Panissa | Z18: =Tabela2[[#This Row],[ILUSTRADOR CRIAÇÃO]] -> CAROLINE ROMÃO BEZERRA/ARQUIVO DA EDITORA | AA18: 13 | AB18: Resgate ajuste | AC18: FINALIZADO | AD18: ="EF1 E001 HGC" -> EF1 E001 HGC
A19: i0120_1p011chg_g27_e001 | B19: PRONTA | C19: ILUSTRAÇÃO | D19: MIOLO | E19: 28 | F19: 1 | G19: 1 | I19: AJUSTE | O19: Resgatar ilustração de mão direita. Código antigo: i0260co_1npg_g23_mdn_aj - Veio do g23_mdn_lt_1npi_p25 | R19: 45891 | S19: 45895 | V19: 45895 | W19: co | X19: =IF(Tabela2[[#This Row],[SIGLA]]="","",VLOOKUP(Tabela2[[#This Row],[SIGLA]],créditos_base!B:C,2,0)) -> CAROLINE ROMÃO BEZERRA/ARQUIVO DA EDITORA | Y19: Rafaela Panissa | Z19: =Tabela2[[#This Row],[ILUSTRADOR CRIAÇÃO]] -> CAROLINE ROMÃO BEZERRA/ARQUIVO DA EDITORA | AA19: 13 | AB19: Resgate ajuste | AC19: FINALIZADO | AD19: ="EF1 E001 HGC" -> EF1 E001 HGC
A20: i0123_1p011chg_g27_e001 | B20: EXCLUIDA | C20: ILUSTRAÇÃO | D20: MIOLO | E20: 29 | F20: 1 | G20: 1 | I20: RESGATE | O20: Resgatar ilustração de uma menina de costas. Vem do 1NPC G23 _LT página 15, código antigo: i0213ly_1pmc_g19_mdn | W20: ly | X20: =IF(Tabela2[[#This Row],[SIGLA]]="","",VLOOKUP(Tabela2[[#This Row],[SIGLA]],créditos_base!B:C,2,0)) -> LISLLEY GOMES FEIGE/ARQUIVO DA EDITORA | Z20: =Tabela2[[#This Row],[ILUSTRADOR CRIAÇÃO]] -> LISLLEY GOMES FEIGE/ARQUIVO DA EDITORA | AD20: ="EF1 E001 HGC" -> EF1 E001 HGC
A21: i0124_1p011chg_g27_e001 | B21: APLICADA | C21: ILUSTRAÇÃO | D21: MIOLO | E21: 30 | F21: 1 | G21: 1 | I21: RESGATE | O21: Resgatar ilustração de crianças uma deitada em cima de um papel e a outra fazendo um mapa do corpo. Código antigo: i0286dd_1pmg_g19_mdn. Vem do 1NPI G23 LT P. 26 | W21: dd | X21: =IF(Tabela2[[#This Row],[SIGLA]]="","",VLOOKUP(Tabela2[[#This Row],[SIGLA]],créditos_base!B:C,2,0)) -> DANILO SANTOS/ARQUIVO DA EDITORA | Z21: =Tabela2[[#This Row],[ILUSTRADOR CRIAÇÃO]] -> DANILO SANTOS/ARQUIVO DA EDITORA | AD21: ="EF1 E001 HGC" -> EF1 E001 HGC
A22: i0125_1p011chg_g27_e001 | B22: APLICADA | C22: ILUSTRAÇÃO | D22: MIOLO | E22: 31 | F22: 1 | G22: 1 | I22: RESGATE | O22: Resgatar ilustração de professora segurando o papel que as crianças da ilustração anterior desenharam, código antigo: i0287dd_1pmg_g19_mdn. Vem do 1NPC_LT_G23_MDN_P.27 | W22: dd | X22: =IF(Tabela2[[#This Row],[SIGLA]]="","",VLOOKUP(Tabela2[[#This Row],[SIGLA]],créditos_base!B:C,2,0)) -> DANILO SANTOS/ARQUIVO DA EDITORA | Z22: =Tabela2[[#This Row],[ILUSTRADOR CRIAÇÃO]] -> DANILO SANTOS/ARQUIVO DA EDITORA | AD22: ="EF1 E001 HGC" -> EF1 E001 HGC
A23: i0126_1p011chg_g27_e001 | B23: APLICADA | C23: ILUSTRAÇÃO | D23: MIOLO | E23: 31 | F23: 1 | G23: 1 | I23: RESGATE | O23: Resgatar ilustração de professora com crianças colorindo o desenho que fizeram, código antigo: i0288dd_1pmg_g19_mdn Vem do 1NPC_LT_G23_MDN_P.27 | W23: dd | X23: =IF(Tabela2[[#This Row],[SIGLA]]="","",VLOOKUP(Tabela2[[#This Row],[SIGLA]],créditos_base!B:C,2,0)) -> DANILO SANTOS/ARQUIVO DA EDITORA | Z23: =Tabela2[[#This Row],[ILUSTRADOR CRIAÇÃO]] -> DANILO SANTOS/ARQUIVO DA EDITORA | AD23: ="EF1 E001 HGC" -> EF1 E001 HGC
A24: i0127_1p011chg_g27_e001 | B24: APLICADA | C24: ILUSTRAÇÃO | D24: MIOLO | E24: 32 | F24: 1 | G24: 1 | I24: AJUSTE | O24: Resgatar ilustração de menino de frente e costas com uma linha no meio separando os lados, código antigo: i0320dd_1pmg_g19_mdn. Vem do 1NPC_LT_G23_MDN_P.28 Ajuste: ajustar a cor do boneco para deixar na mesma tonalidade da pele do boneco da ilustração anterior: i0126_1p011chg_g27_e001. | Q24: 1 | R24: 45740 | S24: 45740 | V24: 45740 | W24: dd | X24: =IF(Tabela2[[#This Row],[SIGLA]]="","",VLOOKUP(Tabela2[[#This Row],[SIGLA]],créditos_base!B:C,2,0)) -> DANILO SANTOS/ARQUIVO DA EDITORA | Y24: Felipe Grigoli | Z24: =Tabela2[[#This Row],[ILUSTRADOR CRIAÇÃO]] -> DANILO SANTOS/ARQUIVO DA EDITORA | AA24: 8 | AB24: Ajuste Simples | AC24: FINALIZADO | AD24: ="EF1 E001 HGC" -> EF1 E001 HGC
A25: i0128_1p011chg_g27_e001 | B25: PRONTA | C25: ILUSTRAÇÃO | D25: MIOLO | E25: 34 | F25: 1 | G25: 1 | I25: AJUSTE | O25: Resgatar ilustração de menina tomando café da manhã veio do g23_mdn_lt_1npc_p038, código antigo i0453aec_1pmc_g19_mdn. Vem do 1NPC_G23_LT_MDN_P38 | Q25: 30 | R25: 45891 | S25: 45895 | V25: 45895 | W25: ec | X25: =IF(Tabela2[[#This Row],[SIGLA]]="","",VLOOKUP(Tabela2[[#This Row],[SIGLA]],créditos_base!B:C,2,0)) -> MÁRCIO GUERRA/ARQUIVO DA EDITORA | Y25: Rafaela Panissa | Z25: =Tabela2[[#This Row],[ILUSTRADOR CRIAÇÃO]] -> MÁRCIO GUERRA/ARQUIVO DA EDITORA | AA25: 13 | AB25: Resgate ajuste | AC25: FINALIZADO | AD25: ="EF1 E001 HGC" -> EF1 E001 HGC
A26: i0129_1p011chg_g27_e001 | B26: PRONTA | C26: ILUSTRAÇÃO | D26: MIOLO | E26: 34 | F26: 1 | G26: 1 | I26: AJUSTE | O26: Resgatar ilustração de crianças brincando veio do g23_mdn_lt_1npc_p038 código antigo i0453bec_1pmc_g19_mdn. Vem do 1NPC_G23_LT_MDN_P38 | Q26: 30 | R26: 45891 | S26: 45895 | V26: 45895 | W26: ec | X26: =IF(Tabela2[[#This Row],[SIGLA]]="","",VLOOKUP(Tabela2[[#This Row],[SIGLA]],créditos_base!B:C,2,0)) -> MÁRCIO GUERRA/ARQUIVO DA EDITORA | Y26: Rafaela Panissa | Z26: =Tabela2[[#This Row],[ILUSTRADOR CRIAÇÃO]] -> MÁRCIO GUERRA/ARQUIVO DA EDITORA | AA26: 13 | AB26: Resgate ajuste | AC26: FINALIZADO | AD26: ="EF1 E001 HGC" -> EF1 E001 HGC
A27: i0130_1p011chg_g27_e001 | B27: PRONTA | C27: ILUSTRAÇÃO | D27: MIOLO | E27: 34 | F27: 1 | G27: 1 | I27: AJUSTE | O27: Resgatar ilustração de menina brincando com cachorro veio do g23_mdn_lt_1npc_p038, código antigo i0453cec_1pmc_g19_mdn. Vem do 1NPC_G23_LT_MDN_P38 | Q27: 30 | R27: 45891 | S27: 45895 | V27: 45895 | W27: ec | X27: =IF(Tabela2[[#This Row],[SIGLA]]="","",VLOOKUP(Tabela2[[#This Row],[SIGLA]],créditos_base!B:C,2,0)) -> MÁRCIO GUERRA/ARQUIVO DA EDITORA | Y27: Rafaela Panissa | Z27: =Tabela2[[#This Row],[ILUSTRADOR CRIAÇÃO]] -> MÁRCIO GUERRA/ARQUIVO DA EDITORA | AA27: 13 | AB27: Resgate ajuste | AC27: FINALIZADO | AD27: ="EF1 E001 HGC" -> EF1 E001 HGC
A28: i0131_1p011chg_g27_e00 | B28: PRONTA | C28: ILUSTRAÇÃO | D28: MIOLO | E28: 34 | F28: 1 | G28: 1 | I28: AJUSTE | O28: Resgatar ilustração de menina dando descarga veio do g23_mdn_lt_1npc_p038, código antigo i0453dec_1pmc_g19_mdn. Vem do 1NPC_G23_LT_MDN_P38 | Q28: 30 | R28: 45891 | S28: 45895 | V28: 45895 | W28: ec | X28: =IF(Tabela2[[#This Row],[SIGLA]]="","",VLOOKUP(Tabela2[[#This Row],[SIGLA]],créditos_base!B:C,2,0)) -> MÁRCIO GUERRA/ARQUIVO DA EDITORA | Y28: Rafaela Panissa | Z28: =Tabela2[[#This Row],[ILUSTRADOR CRIAÇÃO]] -> MÁRCIO GUERRA/ARQUIVO DA EDITORA | AA28: 13 | AB28: Resgate ajuste | AC28: FINALIZADO | AD28: ="EF1 E001 HGC" -> EF1 E001 HGC
A29: i0132_1p011chg_g27_e001 | B29: APLICADA | C29: ILUSTRAÇÃO | D29: MIOLO | E29: 35 | F29: 1 | G29: 1 | I29: RESGATE | O29: Resgatar ilustração de menina escovando os dentes veio do g23_mdn_lt_1npc_p039, código antigo i0454bec_1pmc_g19_mdn. Vem do 1NPC_G23_LT_MDN_P39 | W29: ec | X29: =IF(Tabela2[[#This Row],[SIGLA]]="","",VLOOKUP(Tabela2[[#This Row],[SIGLA]],créditos_base!B:C,2,0)) -> MÁRCIO GUERRA/ARQUIVO DA EDITORA | Z29: =Tabela2[[#This Row],[ILUSTRADOR CRIAÇÃO]] -> MÁRCIO GUERRA/ARQUIVO DA EDITORA | AD29: ="EF1 E001 HGC" -> EF1 E001 HGC
A30: i0133_1p011chg_g27_e001 | B30: APLICADA | C30: ILUSTRAÇÃO | D30: MIOLO | E30: 35 | F30: 1 | G30: 1 | I30: AJUSTE | O30: Resgatar ilustração de menina tomando banho veio do g23_mdn_lt_1npc_p039 código antigo - i0454aec_1pmc_g19_mdn. Vem do 1NPC_G23_LT_MDN_P39. Ajuste: retirar a água que está saindo do chuveiro e as gotinhas de água ao redor da cabeça da personagem. | Q30: 1 | R30: 45740 | S30: 45740 | V30: 45772 | W30: ec | X30: =IF(Tabela2[[#This Row],[SIGLA]]="","",VLOOKUP(Tabela2[[#This Row],[SIGLA]],créditos_base!B:C,2,0)) -> MÁRCIO GUERRA/ARQUIVO DA EDITORA | Y30: Felipe Grigoli | Z30: =Tabela2[[#This Row],[ILUSTRADOR CRIAÇÃO]] -> MÁRCIO GUERRA/ARQUIVO DA EDITORA | AA30: 13 | AB30: Ajuste Simples | AC30: FINALIZADO | AD30: ="EF1 E001 HGC" -> EF1 E001 HGC
A31: i0134_1p011chg_g27_e001 | B31: APLICADA | C31: ILUSTRAÇÃO | D31: MIOLO | E31: 35 | F31: 1 | G31: 1 | I31: RESGATE | O31: Resgatar Ilustração de mãe de menina cortando as unhas da sua filha veio do g23_mdn_lt_1npc_p039, código antigo i0454cec_1pmc_g19_mdn. Vem do 1NPC_G23_LT_MDN_P39 | W31: ec | X31: =IF(Tabela2[[#This Row],[SIGLA]]="","",VLOOKUP(Tabela2[[#This Row],[SIGLA]],créditos_base!B:C,2,0)) -> MÁRCIO GUERRA/ARQUIVO DA EDITORA | Z31: =Tabela2[[#This Row],[ILUSTRADOR CRIAÇÃO]] -> MÁRCIO GUERRA/ARQUIVO DA EDITORA | AD31: ="EF1 E001 HGC" -> EF1 E001 HGC
A32: i0139_1p011chg_g27_e001 | B32: APLICADA | C32: ILUSTRAÇÃO | D32: MIOLO | E32: 38 | F32: 1 | G32: 1 | I32: RESGATE | O32: Resgatar ilustração de menino indo escovar os dentes veio do g23_mdn_lt_1npc_p042, código antigo: i0631ly_1npc_g23_mdn_aj | W32: ly | X32: =IF(Tabela2[[#This Row],[SIGLA]]="","",VLOOKUP(Tabela2[[#This Row],[SIGLA]],créditos_base!B:C,2,0)) -> LISLLEY GOMES FEIGE/ARQUIVO DA EDITORA | Z32: =Tabela2[[#This Row],[ILUSTRADOR CRIAÇÃO]] -> LISLLEY GOMES FEIGE/ARQUIVO DA EDITORA | AD32: ="EF1 E001 HGC" -> EF1 E001 HGC
A33: i0140_1p011chg_g27_e001 | B33: APLICADA | C33: ILUSTRAÇÃO | D33: MIOLO | E33: 39 | F33: 1 | G33: 1 | I33: RESGATE | O33: Resgatar ilustração de pessoa escovando os dentes de cima para baixo, veio do g23_mdn_lt_1npc_p043, código antigo: i0456alu_1pmc_g19_mdn | W33: lu | X33: =IF(Tabela2[[#This Row],[SIGLA]]="","",VLOOKUP(Tabela2[[#This Row],[SIGLA]],créditos_base!B:C,2,0)) -> LUCIANE MORI/ARQUIVO DA EDITORA | Z33: =Tabela2[[#This Row],[ILUSTRADOR CRIAÇÃO]] -> LUCIANE MORI/ARQUIVO DA EDITORA | AD33: ="EF1 E001 HGC" -> EF1 E001 HGC
A34: i0141_1p011chg_g27_e001 | B34: APLICADA | C34: ILUSTRAÇÃO | D34: MIOLO | E34: 39 | F34: 1 | G34: 1 | I34: RESGATE | O34: Resgatar ilustração de pessoa escovando os dentes de baixo para cima, veio do g23_mdn_lt_1npc_p043, código antigo: i0456blu_1pmc_g19_mdn | W34: lu | X34: =IF(Tabela2[[#This Row],[SIGLA]]="","",VLOOKUP(Tabela2[[#This Row],[SIGLA]],créditos_base!B:C,2,0)) -> LUCIANE MORI/ARQUIVO DA EDITORA | Z34: =Tabela2[[#This Row],[ILUSTRADOR CRIAÇÃO]] -> LUCIANE MORI/ARQUIVO DA EDITORA | AD34: ="EF1 E001 HGC" -> EF1 E001 HGC
A35: i0142_1p011chg_g27_e001 | B35: APLICADA | C35: ILUSTRAÇÃO | D35: MIOLO | E35: 39 | F35: 1 | G35: 1 | I35: RESGATE | O35: Resgatar ilustração de pessoa escovando os dentes com movimento vai e Vem veio do g23_mdn_lt_1npc_p043, código antigo: i0456clu_1pmc_g19_mdn | W35: lu | X35: =IF(Tabela2[[#This Row],[SIGLA]]="","",VLOOKUP(Tabela2[[#This Row],[SIGLA]],créditos_base!B:C,2,0)) -> LUCIANE MORI/ARQUIVO DA EDITORA | Z35: =Tabela2[[#This Row],[ILUSTRADOR CRIAÇÃO]] -> LUCIANE MORI/ARQUIVO DA EDITORA | AD35: ="EF1 E001 HGC" -> EF1 E001 HGC
A36: i0143_1p011chg_g27_e001 | B36: APLICADA | C36: ILUSTRAÇÃO | D36: MIOLO | E36: 39 | F36: 1 | G36: 1 | I36: RESGATE | O36: Resgatar ilustração de pessoa escovando os dentes de com o movimento sobe e desce, veio do g23_mdn_lt_1npc_p043, código antigo: i0456dlu_1pmc_g19_mdn | W36: lu | X36: =IF(Tabela2[[#This Row],[SIGLA]]="","",VLOOKUP(Tabela2[[#This Row],[SIGLA]],créditos_base!B:C,2,0)) -> LUCIANE MORI/ARQUIVO DA EDITORA | Z36: =Tabela2[[#This Row],[ILUSTRADOR CRIAÇÃO]] -> LUCIANE MORI/ARQUIVO DA EDITORA | AD36: ="EF1 E001 HGC" -> EF1 E001 HGC
A37: i0144_1p011chg_g27_e001 | B37: APLICADA | C37: ILUSTRAÇÃO | D37: MIOLO | E37: 39 | F37: 1 | G37: 1 | I37: RESGATE | O37: Resgatar ilustração de pessoa segurando o fio dental veio do g23_mdn_lt_1npc_p043, código antigo: i0457alu_1pmc_g19_mdn | W37: lu | X37: =IF(Tabela2[[#This Row],[SIGLA]]="","",VLOOKUP(Tabela2[[#This Row],[SIGLA]],créditos_base!B:C,2,0)) -> LUCIANE MORI/ARQUIVO DA EDITORA | Z37: =Tabela2[[#This Row],[ILUSTRADOR CRIAÇÃO]] -> LUCIANE MORI/ARQUIVO DA EDITORA | AD37: ="EF1 E001 HGC" -> EF1 E001 HGC
A38: i0145_1p011chg_g27_e001 | B38: APLICADA | C38: ILUSTRAÇÃO | D38: MIOLO | E38: 39 | F38: 1 | G38: 1 | I38: RESGATE | O38: Resgatar ilustração de pessoa passando o fio dental veio do g23_mdn_lt_1npc_p043, código antigo: i0457blu_1pmc_g19_mdn | W38: lu | X38: =IF(Tabela2[[#This Row],[SIGLA]]="","",VLOOKUP(Tabela2[[#This Row],[SIGLA]],créditos_base!B:C,2,0)) -> LUCIANE MORI/ARQUIVO DA EDITORA | Z38: =Tabela2[[#This Row],[ILUSTRADOR CRIAÇÃO]] -> LUCIANE MORI/ARQUIVO DA EDITORA | AD38: ="EF1 E001 HGC" -> EF1 E001 HGC
A39: i0146_1p011chg_g27_e001 | B39: EXCLUIDA | C39: ILUSTRAÇÃO | D39: MIOLO | E39: 40 | F39: 1 | G39: 1 | I39: RESGATE | O39: Resgatar ilustração de menino tomando banho veio do g23_mdn_lt_1npc_p044, código antigo: i0409ly_1pmc_g19_mdn | W39: ly | X39: =IF(Tabela2[[#This Row],[SIGLA]]="","",VLOOKUP(Tabela2[[#This Row],[SIGLA]],créditos_base!B:C,2,0)) -> LISLLEY GOMES FEIGE/ARQUIVO DA EDITORA | Z39: =Tabela2[[#This Row],[ILUSTRADOR CRIAÇÃO]] -> LISLLEY GOMES FEIGE/ARQUIVO DA EDITORA | AD39: ="EF1 E001 HGC" -> EF1 E001 HGC
A40: i0147_1p011chg_g27_e001 | B40: APLICADA | C40: ILUSTRAÇÃO | D40: MIOLO | E40: 40 | F40: 1 | G40: 1 | I40: RESGATE | O40: Resgatar ilustração de traço de uma toalha veio do g23_mdn_lt_1npc_p044, código antigo: i0410bly_1pmc_g19_mdn | W40: ly | X40: =IF(Tabela2[[#This Row],[SIGLA]]="","",VLOOKUP(Tabela2[[#This Row],[SIGLA]],créditos_base!B:C,2,0)) -> LISLLEY GOMES FEIGE/ARQUIVO DA EDITORA | Z40: =Tabela2[[#This Row],[ILUSTRADOR CRIAÇÃO]] -> LISLLEY GOMES FEIGE/ARQUIVO DA EDITORA | AD40: ="EF1 E001 HGC" -> EF1 E001 HGC
A41: i0148_1p011chg_g27_e001 | B41: APLICADA | C41: ILUSTRAÇÃO | D41: MIOLO | E41: 40 | F41: 1 | G41: 1 | I41: RESGATE | O41: Resgatar ilustração de traço de uma escova de dentes veio do g23_mdn_lt_1npc_p044, código antigo: i0478km_1pmc_g19_mdn | W41: ly | X41: =IF(Tabela2[[#This Row],[SIGLA]]="","",VLOOKUP(Tabela2[[#This Row],[SIGLA]],créditos_base!B:C,2,0)) -> LISLLEY GOMES FEIGE/ARQUIVO DA EDITORA | Z41: =Tabela2[[#This Row],[ILUSTRADOR CRIAÇÃO]] -> LISLLEY GOMES FEIGE/ARQUIVO DA EDITORA | AD41: ="EF1 E001 HGC" -> EF1 E001 HGC
A42: i0149_1p011chg_g27_e001 | B42: APLICADA | C42: ILUSTRAÇÃO | D42: MIOLO | E42: 40 | F42: 1 | G42: 1 | I42: RESGATE | O42: Resgatar ilustração de traço de um papel higiênico veio do g23_mdn_lt_1npc_p044, código antigo: i0410fly_1pmc_g19_mdn | W42: ly | X42: =IF(Tabela2[[#This Row],[SIGLA]]="","",VLOOKUP(Tabela2[[#This Row],[SIGLA]],créditos_base!B:C,2,0)) -> LISLLEY GOMES FEIGE/ARQUIVO DA EDITORA | Z42: =Tabela2[[#This Row],[ILUSTRADOR CRIAÇÃO]] -> LISLLEY GOMES FEIGE/ARQUIVO DA EDITORA | AD42: ="EF1 E001 HGC" -> EF1 E001 HGC
... A54: i0187_1p011chg_g27_e001 | B54: APLICADA | C54: ILUSTRAÇÃO | D54: MIOLO | E54: 65 | F54: 1 | G54: 1 | I54: RESGATE | O54: Resgatar ilustração de menino, código antigo: i0231vf_1nph_g23_mdn VEM DO 1 NPI_G23_MDN_LT_P 33 | W54: vf | X54: =IF(Tabela2[[#This Row],[SIGLA]]="","",VLOOKUP(Tabela2[[#This Row],[SIGLA]],créditos_base!B:C,2,0)) -> VICTOR LEMOS/ARQUIVO DA EDITORA | Z54: =Tabela2[[#This Row],[ILUSTRADOR CRIAÇÃO]] -> VICTOR LEMOS/ARQUIVO DA EDITORA | AD54: ="EF1 E001 HGC" -> EF1 E001 HGC
A55: i0188_1p011chg_g27_e001 | B55: APLICADA | C55: ILUSTRAÇÃO | D55: MIOLO | E55: 65 | F55: 1 | G55: 1 | I55: AJUSTE | O55: Resgatar ilustração de idosa, código antigo: i0232vf_1nph_g23_mdn VEM DO 1 NPI_G23_MDN_LT_P 33 Ajustar: Fazer a idosa sem o cabelo grisalho, pode ser umas mechas (para não estereotiparmos os idosos). Mas é importante que as rugas sejam evidentes, para não prejudicar a realização da atividade. | Q55: 1 | R55: 45740 | S55: 45740 | V55: 45772 | W55: vf | X55: =IF(Tabela2[[#This Row],[SIGLA]]="","",VLOOKUP(Tabela2[[#This Row],[SIGLA]],créditos_base!B:C,2,0)) -> VICTOR LEMOS/ARQUIVO DA EDITORA | Y55: Felipe Grigoli | Z55: =Tabela2[[#This Row],[ILUSTRADOR CRIAÇÃO]] -> VICTOR LEMOS/ARQUIVO DA EDITORA | AA55: 13 | AB55: Ajuste Simples | AC55: FINALIZADO | AD55: ="EF1 E001 HGC" -> EF1 E001 HGC
A56: i0189_1p011chg_g27_e001 | B56: APLICADA | C56: ILUSTRAÇÃO | D56: MIOLO | E56: 65 | F56: 1 | G56: 1 | I56: RESGATE | O56: Resgatar ilustração de menina, código antigo: i0233vf_1nph_g23_mdn - VEM DO 1 NPI_G23_MDN_LT_P 33 | W56: vf | X56: =IF(Tabela2[[#This Row],[SIGLA]]="","",VLOOKUP(Tabela2[[#This Row],[SIGLA]],créditos_base!B:C,2,0)) -> VICTOR LEMOS/ARQUIVO DA EDITORA | Z56: =Tabela2[[#This Row],[ILUSTRADOR CRIAÇÃO]] -> VICTOR LEMOS/ARQUIVO DA EDITORA | AD56: ="EF1 E001 HGC" -> EF1 E001 HGC
A57: i0190_1p011chg_g27_e001 | B57: APLICADA | C57: ILUSTRAÇÃO | D57: MIOLO | E57: 65 | F57: 1 | G57: 1 | I57: RESGATE | O57: Resgatar ilustração de idoso, código antigo: i0234vf_1nph_g23_mdn VEM DO 1 NPI_G23_MDN_LT_P 33 | W57: vf | X57: =IF(Tabela2[[#This Row],[SIGLA]]="","",VLOOKUP(Tabela2[[#This Row],[SIGLA]],créditos_base!B:C,2,0)) -> VICTOR LEMOS/ARQUIVO DA EDITORA | Z57: =Tabela2[[#This Row],[ILUSTRADOR CRIAÇÃO]] -> VICTOR LEMOS/ARQUIVO DA EDITORA | AD57: ="EF1 E001 HGC" -> EF1 E001 HGC
A58: i0191_1p011chg_g27_e001 | B58: APLICADA | C58: ILUSTRAÇÃO | D58: MIOLO | E58: 65 | F58: 1 | G58: 1 | I58: RESGATE | O58: Resgatar ilustração de bebê, código antigo: i0235vf_1nph_g23_mdn_ef VEM DO 1 NPI_G23_MDN_LT_P 33 | W58: vf | X58: =IF(Tabela2[[#This Row],[SIGLA]]="","",VLOOKUP(Tabela2[[#This Row],[SIGLA]],créditos_base!B:C,2,0)) -> VICTOR LEMOS/ARQUIVO DA EDITORA | Z58: =Tabela2[[#This Row],[ILUSTRADOR CRIAÇÃO]] -> VICTOR LEMOS/ARQUIVO DA EDITORA | AD58: ="EF1 E001 HGC" -> EF1 E001 HGC
A59: i0192_1p011chg_g27_e001 | B59: APLICADA | C59: ILUSTRAÇÃO | D59: MIOLO | E59: 65 | F59: 1 | G59: 1 | I59: RESGATE | O59: Resgatar ilustração de mulher, código antigo: i0236vf_1nph_g23_mdn VEM DO 1 NPI_G23_MDN_LT_P 33 | W59: vf | X59: =IF(Tabela2[[#This Row],[SIGLA]]="","",VLOOKUP(Tabela2[[#This Row],[SIGLA]],créditos_base!B:C,2,0)) -> VICTOR LEMOS/ARQUIVO DA EDITORA | Z59: =Tabela2[[#This Row],[ILUSTRADOR CRIAÇÃO]] -> VICTOR LEMOS/ARQUIVO DA EDITORA | AD59: ="EF1 E001 HGC" -> EF1 E001 HGC
A60: i0201_1p011chg_g27_e001 | B60: APLICADA | C60: ILUSTRAÇÃO | D60: MIOLO | E60: 70 | F60: 1 | G60: 1 | I60: RESGATE | O60: Resgatar ilustração de crianças comendo frutas e fazendo suco com o apoio do professor, veio do g23_mdn_lt_1npc_p047, código antigo: i0421ec_1pmc_g19_mdn_ly | W60: ec | X60: =IF(Tabela2[[#This Row],[SIGLA]]="","",VLOOKUP(Tabela2[[#This Row],[SIGLA]],créditos_base!B:C,2,0)) -> MÁRCIO GUERRA/ARQUIVO DA EDITORA | Z60: =Tabela2[[#This Row],[ILUSTRADOR CRIAÇÃO]] -> MÁRCIO GUERRA/ARQUIVO DA EDITORA | AD60: ="EF1 E001 HGC" -> EF1 E001 HGC
A61: i0301_1p011chg_g27_e001 | B61: PRONTA | C61: ILUSTRAÇÃO | D61: MIOLO | E61: 88 | F61: 1 | G61: 2 | I61: AJUSTE | O61: Resgatar il de um menino recortano uma folha, uma garota na cadeira de rodas segurando um livro ao fundo, página 38, g23_mdn_lt_1nph. Código antigo: i0415gr_1pmh_g19_mdn AJUSTAR: ajustar cadeira de rodas de acordo com a cadeira padrão, inserir freio, ajustar o pegador e aro de impusão - Cadeira de Rodas Genesys Ultra-lite "X" Infantil Ortobras - Mobility Brasil - Maior Especialista em Cadeira de Rodas do Brasil | Q61: 15 | R61: 45812 | S61: 45813 | V61: 45813 | W61: gr | X61: =IF(Tabela2[[#This Row],[SIGLA]]="","",VLOOKUP(Tabela2[[#This Row],[SIGLA]],créditos_base!B:C,2,0)) -> GUSTAVO RAMOS/ARQUIVO DA EDITORA | Y61: Keithy Mostachi | Z61: =Tabela2[[#This Row],[ILUSTRADOR CRIAÇÃO]] -> GUSTAVO RAMOS/ARQUIVO DA EDITORA | AA61: 13 | AB61: Resgate com ajuste | AC61: FINALIZADO | AD61: ="EF1 E001 HGC" -> EF1 E001 HGC
A62: i0302_1p011chg_g27_e001 | B62: PRONTA | C62: ILUSTRAÇÃO | D62: MIOLO | E62: 89 | F62: 1 | G62: 2 | I62: RESGATE | O62: Resgatar ilustração com os mesmos personagens da il anterior, fazendo um cartaz, colando os recortes , página 39, g23_mdn_lt_1nph. Código antigo: i0416gr_1pmh_g19_mdn | W62: gr | X62: =IF(Tabela2[[#This Row],[SIGLA]]="","",VLOOKUP(Tabela2[[#This Row],[SIGLA]],créditos_base!B:C,2,0)) -> GUSTAVO RAMOS/ARQUIVO DA EDITORA | Z62: =Tabela2[[#This Row],[ILUSTRADOR CRIAÇÃO]] -> GUSTAVO RAMOS/ARQUIVO DA EDITORA | AD62: ="EF1 E001 HGC" -> EF1 E001 HGC
A63: i0303_1p011chg_g27_e001 | B63: AJUSTANDO | C63: ILUSTRAÇÃO | D63: MIOLO | E63: 89 | F63: 1 | G63: 2 | I63: AJUSTE | O63: Resgatar ilustração com os mesmos personagens da il anterior, fazendo um cartaz, colando os recortes , página 39, g23_mdn_lt_1nph. Código antigo: i0416gr_1pmh_g19_mdn | Q63: 15 | R63: 45812 | S63: 45813 | V63: 45813 | W63: gr | X63: =IF(Tabela2[[#This Row],[SIGLA]]="","",VLOOKUP(Tabela2[[#This Row],[SIGLA]],créditos_base!B:C,2,0)) -> GUSTAVO RAMOS/ARQUIVO DA EDITORA | Y63: Keithy Mostachi | Z63: =Tabela2[[#This Row],[ILUSTRADOR CRIAÇÃO]] -> GUSTAVO RAMOS/ARQUIVO DA EDITORA | AA63: 13 | AB63: Resgate com ajuste | AC63: FINALIZADO | AD63: ="EF1 E001 HGC" -> EF1 E001 HGC
A64: i0304_1p011chg_g27_e001 | B64: PRONTA | C64: ILUSTRAÇÃO | D64: MIOLO | E64: 90 | F64: 1 | G64: 2 | I64: NOVA | O64: Reilustrar a antiga Ilustração de crianças brincando com um quebra cabeça no chão da sala, código antigo: i0605hj_1pmg_g19_mdn, veio do 1NPI_G23, p. 50 | Q64: 11 | R64: 45761 | S64: 45779 | V64: 45779 | W64: vc | X64: =IF(Tabela2[[#This Row],[SIGLA]]="","",VLOOKUP(Tabela2[[#This Row],[SIGLA]],créditos_base!B:C,2,0)) -> VINÍCIUS COSTA/ARQUIVO DA EDITORA | Y64: Arte | Z64: =Tabela2[[#This Row],[ILUSTRADOR CRIAÇÃO]] -> VINÍCIUS COSTA/ARQUIVO DA EDITORA | AA64: 4 | AB64: Arte | AC64: FINALIZADO | AD64: ="EF1 E001 HGC" -> EF1 E001 HGC
A65: i0305_1p011chg_g27_e001 | B65: PRONTA | C65: ILUSTRAÇÃO | D65: MIOLO | E65: 90 | F65: 1 | G65: 2 | I65: NOVA | O65: Reilustrar a antiga Ilustração de uma família sentados a mesa fazendo uma refeição, código antigo: i0606hj_1pmg_g19_mdn, veio do 1NPI_G23, p. 50 | Q65: 11 | R65: 45761 | S65: 45779 | V65: 45779 | W65: vc | X65: =IF(Tabela2[[#This Row],[SIGLA]]="","",VLOOKUP(Tabela2[[#This Row],[SIGLA]],créditos_base!B:C,2,0)) -> VINÍCIUS COSTA/ARQUIVO DA EDITORA | Y65: Arte | Z65: =Tabela2[[#This Row],[ILUSTRADOR CRIAÇÃO]] -> VINÍCIUS COSTA/ARQUIVO DA EDITORA | AA65: 3 | AB65: Arte | AC65: FINALIZADO | AD65: ="EF1 E001 HGC" -> EF1 E001 HGC
A66: i0306_1p011chg_g27_e001 | B66: PRONTA | C66: ILUSTRAÇÃO | D66: MIOLO | E66: 92 | F66: 1 | G66: 2 | I66: AJUSTE | O66: Resgatar ilustração de um quarto, código antigo: i0613dd_1pmg_g19_mdn_ef_LOcopy2. Veio 1NPI_G23, p. 52. Ajuste: separar a ilustração do quarto das demais imagens. | Q66: 2 | R66: 45744 | S66: 45744 | V66: 45749 | W66: dd | X66: =IF(Tabela2[[#This Row],[SIGLA]]="","",VLOOKUP(Tabela2[[#This Row],[SIGLA]],créditos_base!B:C,2,0)) -> DANILO SANTOS/ARQUIVO DA EDITORA | Y66: Rafaela Panissa | Z66: =Tabela2[[#This Row],[ILUSTRADOR CRIAÇÃO]] -> DANILO SANTOS/ARQUIVO DA EDITORA | AA66: 14 | AC66: FINALIZADO | AD66: ="EF1 E001 HGC" -> EF1 E001 HGC
A67: i0307_1p011chg_g27_e001 | B67: PRONTA | C67: ILUSTRAÇÃO | D67: MIOLO | E67: 92 | F67: 1 | G67: 2 | I67: AJUSTE | O67: Resgatar ilustração de uma sala, código antigo: i0613dd_1pmg_g19_mdn_ef_LOcopy2. Veio 1NPI_G23, p. 52. Ajuste: separar a ilustração da sala das demais imagens | Q67: 2 | R67: 45744 | S67: 45744 | V67: 45749 | W67: dd | X67: =IF(Tabela2[[#This Row],[SIGLA]]="","",VLOOKUP(Tabela2[[#This Row],[SIGLA]],créditos_base!B:C,2,0)) -> DANILO SANTOS/ARQUIVO DA EDITORA | Y67: Rafaela Panissa | Z67: =Tabela2[[#This Row],[ILUSTRADOR CRIAÇÃO]] -> DANILO SANTOS/ARQUIVO DA EDITORA | AA67: 14 | AC67: FINALIZADO | AD67: ="EF1 E001 HGC" -> EF1 E001 HGC
A68: i0308_1p011chg_g27_e001 | B68: PRONTA | C68: ILUSTRAÇÃO | D68: MIOLO | E68: 92 | F68: 1 | G68: 2 | I68: AJUSTE | O68: Resgatar ilustração de uma cozinha, código antigo: i0613dd_1pmg_g19_mdn_ef_LOcopy1. Veio 1NPI_G23, p. 52. Ajuste: separar a ilustração da cozinha das demais imagens. | Q68: 2 | R68: 45744 | S68: 45744 | V68: 45749 | W68: dd | X68: =IF(Tabela2[[#This Row],[SIGLA]]="","",VLOOKUP(Tabela2[[#This Row],[SIGLA]],créditos_base!B:C,2,0)) -> DANILO SANTOS/ARQUIVO DA EDITORA | Y68: Rafaela Panissa | Z68: =Tabela2[[#This Row],[ILUSTRADOR CRIAÇÃO]] -> DANILO SANTOS/ARQUIVO DA EDITORA | AA68: 14 | AC68: FINALIZADO | AD68: ="EF1 E001 HGC" -> EF1 E001 HGC
A69: i0309_1p011chg_g27_e001 | B69: PRONTA | C69: ILUSTRAÇÃO | D69: MIOLO | E69: 92 | F69: 1 | G69: 2 | I69: AJUSTE | O69: Resgatar ilustração de um banheiro, código antigo: i0613dd_1pmg_g19_mdn_ef_LOcopy1. Veio 1NPI_G23, p. 52. Ajuste: separar a ilustração do banheiro das demais imagens. | Q69: 2 | R69: 45744 | S69: 45744 | V69: 45749 | W69: dd | X69: =IF(Tabela2[[#This Row],[SIGLA]]="","",VLOOKUP(Tabela2[[#This Row],[SIGLA]],créditos_base!B:C,2,0)) -> DANILO SANTOS/ARQUIVO DA EDITORA | Y69: Rafaela Panissa | Z69: =Tabela2[[#This Row],[ILUSTRADOR CRIAÇÃO]] -> DANILO SANTOS/ARQUIVO DA EDITORA | AA69: 14 | AC69: FINALIZADO | AD69: ="EF1 E001 HGC" -> EF1 E001 HGC
A70: i0310_1p011chg_g27_e001 | B70: EXCLUIDA | C70: ILUSTRAÇÃO | D70: MIOLO | E70: 93 | F70: 1 | G70: 2 | I70: RESGATE | O70: Ilustração de uma cama, código antigo: i0617mk_1pmg_g19_mdn. Veio do 1NPI_G23, p. 53. | W70: mk | X70: =IF(Tabela2[[#This Row],[SIGLA]]="","",VLOOKUP(Tabela2[[#This Row],[SIGLA]],créditos_base!B:C,2,0)) -> NATANAELE BILMAIA/ARQUIVO DA EDITORA | Z70: =Tabela2[[#This Row],[ILUSTRADOR CRIAÇÃO]] -> NATANAELE BILMAIA/ARQUIVO DA EDITORA | AD70: ="EF1 E001 HGC" -> EF1 E001 HGC
A71: i0311_1p011chg_g27_e001 | B71: EXCLUIDA | C71: ILUSTRAÇÃO | D71: MIOLO | E71: 93 | F71: 1 | G71: 2 | I71: RESGATE | O71: Ilustração de um chuveiro, código antigo: i0618mk_1pmg_g19_mdn. Veio do 1NPI_G23, p. 53. | W71: mk | X71: =IF(Tabela2[[#This Row],[SIGLA]]="","",VLOOKUP(Tabela2[[#This Row],[SIGLA]],créditos_base!B:C,2,0)) -> NATANAELE BILMAIA/ARQUIVO DA EDITORA | Z71: =Tabela2[[#This Row],[ILUSTRADOR CRIAÇÃO]] -> NATANAELE BILMAIA/ARQUIVO DA EDITORA | AD71: ="EF1 E001 HGC" -> EF1 E001 HGC
A72: i0312_1p011chg_g27_e001 | B72: EXCLUIDA | C72: ILUSTRAÇÃO | D72: MIOLO | E72: 93 | F72: 1 | G72: 2 | I72: RESGATE | O72: Ilustração de um sofá, código antigo: i0619mk_1pmg_g19_mdn. Veio do 1NPI_G23, p. 53. | W72: mk | X72: =IF(Tabela2[[#This Row],[SIGLA]]="","",VLOOKUP(Tabela2[[#This Row],[SIGLA]],créditos_base!B:C,2,0)) -> NATANAELE BILMAIA/ARQUIVO DA EDITORA | Z72: =Tabela2[[#This Row],[ILUSTRADOR CRIAÇÃO]] -> NATANAELE BILMAIA/ARQUIVO DA EDITORA | AD72: ="EF1 E001 HGC" -> EF1 E001 HGC
A73: i0313_1p011chg_g27_e001 | B73: PRONTA | C73: ILUSTRAÇÃO | D73: MIOLO | E73: 93 | F73: 1 | G73: 2 | I73: RESGATE | O73: Ilustração de uma geladeira, código antigo: i0620mk_1pmg_g19_mdn. Veio do 1NPI_G23, p. 53. | W73: mk | X73: =IF(Tabela2[[#This Row],[SIGLA]]="","",VLOOKUP(Tabela2[[#This Row],[SIGLA]],créditos_base!B:C,2,0)) -> NATANAELE BILMAIA/ARQUIVO DA EDITORA | Z73: =Tabela2[[#This Row],[ILUSTRADOR CRIAÇÃO]] -> NATANAELE BILMAIA/ARQUIVO DA EDITORA | AD73: ="EF1 E001 HGC" -> EF1 E001 HGC
A74: i0314_1p011chg_g27_e001 | B74: PRONTA | C74: ILUSTRAÇÃO | D74: MIOLO | E74: 104 | F74: 1 | G74: 2 | I74: RESGATE | O74: Resgatar ilustração de criança com um baú de brinquedos, código antigo: i0637dd_1pmg_g19_mdn. Veio do 1NPI_G23, p. 62. | W74: dd | X74: =IF(Tabela2[[#This Row],[SIGLA]]="","",VLOOKUP(Tabela2[[#This Row],[SIGLA]],créditos_base!B:C,2,0)) -> DANILO SANTOS/ARQUIVO DA EDITORA | Z74: =Tabela2[[#This Row],[ILUSTRADOR CRIAÇÃO]] -> DANILO SANTOS/ARQUIVO DA EDITORA | AD74: ="EF1 E001 HGC" -> EF1 E001 HGC
A75: i0315_1p011chg_g27_e001 | B75: PRONTA | C75: ILUSTRAÇÃO | D75: MIOLO | E75: 104 | F75: 1 | G75: 2 | I75: RESGATE | O75: Resgatar ilustração de menina e homem dando banho em um cachorro, código antigo: i0638dd_1pmg_g19_mdn. Veio do 1NPI_G23, p. 62. | W75: dd | X75: =IF(Tabela2[[#This Row],[SIGLA]]="","",VLOOKUP(Tabela2[[#This Row],[SIGLA]],créditos_base!B:C,2,0)) -> DANILO SANTOS/ARQUIVO DA EDITORA | Z75: =Tabela2[[#This Row],[ILUSTRADOR CRIAÇÃO]] -> DANILO SANTOS/ARQUIVO DA EDITORA | AD75: ="EF1 E001 HGC" -> EF1 E001 HGC
A76: i0316_1p011chg_g27_e001 | B76: PRONTA | C76: ILUSTRAÇÃO | D76: MIOLO | E76: 104 | F76: 1 | G76: 2 | I76: RESGATE | O76: Resgatar ilustração de menino arrumando sua cama, código antigo: i0639dd_1pmg_g19_mdn. Veio do 1NPI_G23, p. 62. | W76: dd | X76: =IF(Tabela2[[#This Row],[SIGLA]]="","",VLOOKUP(Tabela2[[#This Row],[SIGLA]],créditos_base!B:C,2,0)) -> DANILO SANTOS/ARQUIVO DA EDITORA | Z76: =Tabela2[[#This Row],[ILUSTRADOR CRIAÇÃO]] -> DANILO SANTOS/ARQUIVO DA EDITORA | AD76: ="EF1 E001 HGC" -> EF1 E001 HGC
A77: i0317_1p011chg_g27_e001 | B77: PRONTA | C77: ILUSTRAÇÃO | D77: MIOLO | E77: 104 | F77: 1 | G77: 2 | I77: RESGATE | O77: Resgatar ilustração de menina guardando seus sapatos, código antigo: i0640dd_1pmg_g19_mdn. Veio do 1NPI_G23, p. 62. | W77: dd | X77: =IF(Tabela2[[#This Row],[SIGLA]]="","",VLOOKUP(Tabela2[[#This Row],[SIGLA]],créditos_base!B:C,2,0)) -> DANILO SANTOS/ARQUIVO DA EDITORA | Z77: =Tabela2[[#This Row],[ILUSTRADOR CRIAÇÃO]] -> DANILO SANTOS/ARQUIVO DA EDITORA | AD77: ="EF1 E001 HGC" -> EF1 E001 HGC
A78: i0318_1p011chg_g27_e001 | B78: PRONTA | C78: ILUSTRAÇÃO | D78: MIOLO | E78: 108 | F78: 1 | G78: 2 | I78: RESGATE | O78: Resgatar ilustração de menina guardando seus brinquedos. Veio do g23_mdn_lt_1npc_p058, código antigo i0443ly_1pmc_g19_mdn | W78: ly | X78: =IF(Tabela2[[#This Row],[SIGLA]]="","",VLOOKUP(Tabela2[[#This Row],[SIGLA]],créditos_base!B:C,2,0)) -> LISLLEY GOMES FEIGE/ARQUIVO DA EDITORA | Z78: =Tabela2[[#This Row],[ILUSTRADOR CRIAÇÃO]] -> LISLLEY GOMES FEIGE/ARQUIVO DA EDITORA | AD78: ="EF1 E001 HGC" -> EF1 E001 HGC
A79: i0319_1p011chg_g27_e001 | B79: PRONTA | C79: ILUSTRAÇÃO | D79: MIOLO | E79: 108 | F79: 1 | G79: 2 | I79: RESGATE | O79: Resgatar ilustração de menino guardando sua roupa. Veio do g23_mdn_lt_1npc_p058, código antigo i0444ly_1pmc_g19_mdn | W79: ly | X79: =IF(Tabela2[[#This Row],[SIGLA]]="","",VLOOKUP(Tabela2[[#This Row],[SIGLA]],créditos_base!B:C,2,0)) -> LISLLEY GOMES FEIGE/ARQUIVO DA EDITORA | Z79: =Tabela2[[#This Row],[ILUSTRADOR CRIAÇÃO]] -> LISLLEY GOMES FEIGE/ARQUIVO DA EDITORA | AD79: ="EF1 E001 HGC" -> EF1 E001 HGC
A80: i0320_1p011chg_g27_e001 | B80: PRONTA | C80: ILUSTRAÇÃO | D80: MIOLO | E80: 108 | F80: 1 | G80: 2 | I80: RESGATE | O80: Resgatar ilustração de menino arrumando sua cama. Veio do g23_mdn_lt_1npc_p058, código antigo i0445ly_1pmc_g19_mdn | W80: ly | X80: =IF(Tabela2[[#This Row],[SIGLA]]="","",VLOOKUP(Tabela2[[#This Row],[SIGLA]],créditos_base!B:C,2,0)) -> LISLLEY GOMES FEIGE/ARQUIVO DA EDITORA | Z80: =Tabela2[[#This Row],[ILUSTRADOR CRIAÇÃO]] -> LISLLEY GOMES FEIGE/ARQUIVO DA EDITORA | AD80: ="EF1 E001 HGC" -> EF1 E001 HGC
A81: i0321_1p011chg_g27_e001 | B81: PRONTA | C81: ILUSTRAÇÃO | D81: MIOLO | E81: 108 | F81: 1 | G81: 2 | I81: AJUSTE | O81: Resgatar ilustração de menina jogando lixo no lixo. Veio do g23_mdn_lt_1npc_p058, código antigo i0446ly_1pmc_g19_mdn AJUSTE: inserir adulto ao lado da garota | Q81: 15 | R81: 45812 | S81: 45813 | V81: 45813 | W81: ly | X81: =IF(Tabela2[[#This Row],[SIGLA]]="","",VLOOKUP(Tabela2[[#This Row],[SIGLA]],créditos_base!B:C,2,0)) -> LISLLEY GOMES FEIGE/ARQUIVO DA EDITORA | Y81: Keithy Mostachi | Z81: =Tabela2[[#This Row],[ILUSTRADOR CRIAÇÃO]] -> LISLLEY GOMES FEIGE/ARQUIVO DA EDITORA | AA81: 13 | AB81: Resgate com ajuste | AC81: FINALIZADO | AD81: ="EF1 E001 HGC" -> EF1 E001 HGC
A82: i0322_1p011chg_g27_e001 | B82: PRONTA | C82: ILUSTRAÇÃO | D82: MIOLO | E82: 109 | F82: 1 | G82: 2 | I82: AJUSTE | O82: Resgatar ilustração de símbolo de plástico reciclável. Veio do g23_mdn_lt_1npc_p059, código antigo i0448mk_1pmc_g19_mdn - AJUSTE - REMOVER A ESCRITA “PET” | Q82: 14 | R82: 45779 | S82: 45779 | V82: 45779 | W82: mk | X82: =IF(Tabela2[[#This Row],[SIGLA]]="","",VLOOKUP(Tabela2[[#This Row],[SIGLA]],créditos_base!B:C,2,0)) -> NATANAELE BILMAIA/ARQUIVO DA EDITORA | Y82: Rafaela Panissa | Z82: =Tabela2[[#This Row],[ILUSTRADOR CRIAÇÃO]] -> NATANAELE BILMAIA/ARQUIVO DA EDITORA | AA82: 13 | AB82: Resgate ajuste | AC82: FINALIZADO | AD82: ="EF1 E001 HGC" -> EF1 E001 HGC
A83: i0323_1p011chg_g27_e001 | B83: PRONTA | C83: ILUSTRAÇÃO | D83: MIOLO | E83: 109 | F83: 1 | G83: 2 | I83: RESGATE | O83: Resgatar ilustração de símbolo de alumínio reciclável. Veio do g23_mdn_lt_1npc_p059, código antigo i0449mk_1pmc_g19_mdn | W83: mk | X83: =IF(Tabela2[[#This Row],[SIGLA]]="","",VLOOKUP(Tabela2[[#This Row],[SIGLA]],créditos_base!B:C,2,0)) -> NATANAELE BILMAIA/ARQUIVO DA EDITORA | Z83: =Tabela2[[#This Row],[ILUSTRADOR CRIAÇÃO]] -> NATANAELE BILMAIA/ARQUIVO DA EDITORA | AD83: ="EF1 E001 HGC" -> EF1 E001 HGC
A84: i0324_1p011chg_g27_e001 | B84: PRONTA | C84: ILUSTRAÇÃO | D84: MIOLO | E84: 109 | F84: 1 | G84: 2 | I84: RESGATE | O84: Resgatar ilustração de símbolo de vidro reciclável. Veio do g23_mdn_lt_1npc_p059, código antigo i0450mk_1pmc_g19_mdn | W84: mk | X84: =IF(Tabela2[[#This Row],[SIGLA]]="","",VLOOKUP(Tabela2[[#This Row],[SIGLA]],créditos_base!B:C,2,0)) -> NATANAELE BILMAIA/ARQUIVO DA EDITORA | Z84: =Tabela2[[#This Row],[ILUSTRADOR CRIAÇÃO]] -> NATANAELE BILMAIA/ARQUIVO DA EDITORA | AD84: ="EF1 E001 HGC" -> EF1 E001 HGC
A85: i0325_1p011chg_g27_e001 | B85: PRONTA | C85: ILUSTRAÇÃO | D85: MIOLO | E85: 110 | F85: 1 | G85: 2 | I85: AJUSTE | O85: Resgatar ilustração de homem e criança limpando uma sala, código antigo: i0618vf_1nph_g23_mdn_aj. Veio de 1NPI_G23, p. 63. Ajuste: colocar fio de força (para representar que estaria ligado na energia) no aspirador. | Q85: 2 | R85: 45744 | S85: 45744 | V85: 45749 | W85: vf | X85: =IF(Tabela2[[#This Row],[SIGLA]]="","",VLOOKUP(Tabela2[[#This Row],[SIGLA]],créditos_base!B:C,2,0)) -> VICTOR LEMOS/ARQUIVO DA EDITORA | Y85: Rafaela Panissa | Z85: =Tabela2[[#This Row],[ILUSTRADOR CRIAÇÃO]] -> VICTOR LEMOS/ARQUIVO DA EDITORA | AA85: 13 | AC85: FINALIZADO | AD85: ="EF1 E001 HGC" -> EF1 E001 HGC
A86: i0326_1p011chg_g27_e001 | B86: PRONTA | C86: ILUSTRAÇÃO | D86: MIOLO | E86: 110 | F86: 1 | G86: 2 | I86: RESGATE | O86: Resgatar ilustração de homem lavando a louca e duas crianças sentadas a mesa, código antigo: i0645vs_1m2seh_m20_stl_re. Veio de 1NPI_G23, p. 63. | W86: vs | X86: =IF(Tabela2[[#This Row],[SIGLA]]="","",VLOOKUP(Tabela2[[#This Row],[SIGLA]],créditos_base!B:C,2,0)) -> VERIDIANA SCARPELLI/ARQUIVO DA EDITORA | Z86: =Tabela2[[#This Row],[ILUSTRADOR CRIAÇÃO]] -> VERIDIANA SCARPELLI/ARQUIVO DA EDITORA | AD86: ="EF1 E001 HGC" -> EF1 E001 HGC
A87: i0327_1p011chg_g27_e001 | B87: PRONTA | C87: ILUSTRAÇÃO | D87: MIOLO | E87: 115 | F87: 1 | G87: 2 | I87: RESGATE | O87: Resgatar ilustração de menina, código antigo: i0440hj_1pmh_g19_mdn_ef. Veio de 1NPI_G23, p. 66. | W87: hj | X87: =IF(Tabela2[[#This Row],[SIGLA]]="","",VLOOKUP(Tabela2[[#This Row],[SIGLA]],créditos_base!B:C,2,0)) -> HENRIQUE JORGE G. M. SILVA/ARQUIVO DA EDITORA | Z87: =Tabela2[[#This Row],[ILUSTRADOR CRIAÇÃO]] -> HENRIQUE JORGE G. M. SILVA/ARQUIVO DA EDITORA | AD87: ="EF1 E001 HGC" -> EF1 E001 HGC
A88: i0328_1p011chg_g27_e001 | B88: PRONTA | C88: ILUSTRAÇÃO | D88: MIOLO | E88: 115 | F88: 1 | G88: 2 | I88: RESGATE | O88: Resgatar ilustração de uma família sentado no sofá, código antigo: i0441hj_1pmh_g19_mdn_ef. Veio de 1NPI_G23, p. 66. | W88: hj | X88: =IF(Tabela2[[#This Row],[SIGLA]]="","",VLOOKUP(Tabela2[[#This Row],[SIGLA]],créditos_base!B:C,2,0)) -> HENRIQUE JORGE G. M. SILVA/ARQUIVO DA EDITORA | Z88: =Tabela2[[#This Row],[ILUSTRADOR CRIAÇÃO]] -> HENRIQUE JORGE G. M. SILVA/ARQUIVO DA EDITORA | AD88: ="EF1 E001 HGC" -> EF1 E001 HGC
A89: i0329_1p011chg_g27_e001 | B89: PRONTA | C89: ILUSTRAÇÃO | D89: MIOLO | E89: 115 | F89: 1 | G89: 2 | I89: AJUSTE | O89: Resgatar ilustração de pai e mãe repreendendo sua filha, código antigo: i0442hj_1pmh_g19_mdn_ef. Veio de 1NPI_G23, p. 66. Ajuste: Trocar cena. Ao invés de ter sujado a casa, a criança deve ser repreendida por deixar os brinquedos jogados na sala. Precisa ficar evidente que os brinquedos não estão sendo usados e a criança esqueceu de guardar. Combinado com a Tati, retirar a sujeira de lama do chão e da menina, recortar os brinquedos da ilustração i0330_1p011chg_g27_e001 (código antigo: i0443hj_1pmh_g19_mdn_ef ) e aplicar nessa cena. Caso não for possível, ilustrar um vaso quebrado. | Q89: 2 | R89: 45744 | S89: 45744 | V89: 45749 | W89: hj | X89: =IF(Tabela2[[#This Row],[SIGLA]]="","",VLOOKUP(Tabela2[[#This Row],[SIGLA]],créditos_base!B:C,2,0)) -> HENRIQUE JORGE G. M. SILVA/ARQUIVO DA EDITORA | Y89: Rafaela Panissa | Z89: =Tabela2[[#This Row],[ILUSTRADOR CRIAÇÃO]] -> HENRIQUE JORGE G. M. SILVA/ARQUIVO DA EDITORA | AA89: 13 | AC89: FINALIZADO | AD89: ="EF1 E001 HGC" -> EF1 E001 HGC
A90: i0330_1p011chg_g27_e001 | B90: PRONTA | C90: ILUSTRAÇÃO | D90: MIOLO | E90: 116 | F90: 1 | G90: 2 | I90: RESGATE | O90: Resgatar ilustração de crianças brincando, código antigo: i0443hj_1pmh_g19_mdn_ef. Veio de 1NPI_G23, p. 67. | W90: hj | X90: =IF(Tabela2[[#This Row],[SIGLA]]="","",VLOOKUP(Tabela2[[#This Row],[SIGLA]],créditos_base!B:C,2,0)) -> HENRIQUE JORGE G. M. SILVA/ARQUIVO DA EDITORA | Z90: =Tabela2[[#This Row],[ILUSTRADOR CRIAÇÃO]] -> HENRIQUE JORGE G. M. SILVA/ARQUIVO DA EDITORA | AD90: ="EF1 E001 HGC" -> EF1 E001 HGC
A91: i0331_1p011chg_g27_e001 | B91: PRONTA | C91: ILUSTRAÇÃO | D91: MIOLO | E91: 116 | F91: 1 | G91: 2 | I91: AJUSTE | O91: Resgatar ilustração de criança machucada, código antigo: i0444hj_1pmh_g19_mdn_ef. Veio de 1NPI_G23, p. 67. Ajuste1: ao invés de chinelos, a menina deve estar usando sapatos, igual ao irmão. Ajuste2: Fazer Ajuste: Inserir Um Muro Mais Ou Menos Na Direção Da Pedra, Para Dar Ideia De Que As Crianças Estão Em Um Quintal Fechado | Q91: 2 | R91: 45744 | S91: 45744 | V91: 45749 | W91: hj | X91: =IF(Tabela2[[#This Row],[SIGLA]]="","",VLOOKUP(Tabela2[[#This Row],[SIGLA]],créditos_base!B:C,2,0)) -> HENRIQUE JORGE G. M. SILVA/ARQUIVO DA EDITORA | Y91: Rafaela Panissa | Z91: =Tabela2[[#This Row],[ILUSTRADOR CRIAÇÃO]] -> HENRIQUE JORGE G. M. SILVA/ARQUIVO DA EDITORA | AA91: 13 | AC91: FINALIZADO | AD91: ="EF1 E001 HGC" -> EF1 E001 HGC
A92: i0332_1p011chg_g27_e001 | B92: PRONTA | C92: ILUSTRAÇÃO | D92: MIOLO | E92: 116 | F92: 1 | G92: 2 | I92: RESGATE | O92: Resgatar ilustração de carinha alegre, código antigo: i0445Aba_1pmh_g19_mdn. Veio de 1NPI_G23, p. 67. | W92: ba | X92: =IF(Tabela2[[#This Row],[SIGLA]]="","",VLOOKUP(Tabela2[[#This Row],[SIGLA]],créditos_base!B:C,2,0)) -> BÁRBARA SARZI/ARQUIVO DA EDITORA | Z92: =Tabela2[[#This Row],[ILUSTRADOR CRIAÇÃO]] -> BÁRBARA SARZI/ARQUIVO DA EDITORA | AD92: ="EF1 E001 HGC" -> EF1 E001 HGC
A93: i0333_1p011chg_g27_e001 | B93: PRONTA | C93: ILUSTRAÇÃO | D93: MIOLO | E93: 116 | F93: 1 | G93: 2 | I93: RESGATE | O93: Resgatar ilustração de carinha triste, código antigo: i0445Bba_1pmh_g19_mdn. Veio de 1NPI_G23, p. 67. | W93: ba | X93: =IF(Tabela2[[#This Row],[SIGLA]]="","",VLOOKUP(Tabela2[[#This Row],[SIGLA]],créditos_base!B:C,2,0)) -> BÁRBARA SARZI/ARQUIVO DA EDITORA | Z93: =Tabela2[[#This Row],[ILUSTRADOR CRIAÇÃO]] -> BÁRBARA SARZI/ARQUIVO DA EDITORA | AD93: ="EF1 E001 HGC" -> EF1 E001 HGC
A94: i0334_1p011chg_g27_e001 | B94: PRONTA | C94: ILUSTRAÇÃO | D94: MIOLO | E94: 120 | F94: 1 | G94: 2 | I94: RESGATE | O94: Resgatar ilustração de senhor e crianças, código antigo: i0614gr_1nph_g23_mdn_aj. Veio de 1NPI_G23, p. 70. | W94: gr | X94: =IF(Tabela2[[#This Row],[SIGLA]]="","",VLOOKUP(Tabela2[[#This Row],[SIGLA]],créditos_base!B:C,2,0)) -> GUSTAVO RAMOS/ARQUIVO DA EDITORA | Z94: =Tabela2[[#This Row],[ILUSTRADOR CRIAÇÃO]] -> GUSTAVO RAMOS/ARQUIVO DA EDITORA | AD94: ="EF1 E001 HGC" -> EF1 E001 HGC
A95: i0335_1p011chg_g27_e001 | B95: EXCLUIDA | C95: ILUSTRAÇÃO | D95: MIOLO | E95: 120 | F95: 1 | G95: 2 | I95: RESGATE | O95: Resgatar ilustração de menino dando tchau para outra criança dentro de um carro, código antigo: i0420gr_1pmh_g19_mdn_ef. Veio de 1NPI_G23, p. 70. | P95: Ilustração planilhada duas vezes a que está valendo é a da linha 151 | W95: gr | X95: =IF(Tabela2[[#This Row],[SIGLA]]="","",VLOOKUP(Tabela2[[#This Row],[SIGLA]],créditos_base!B:C,2,0)) -> GUSTAVO RAMOS/ARQUIVO DA EDITORA | Z95: =Tabela2[[#This Row],[ILUSTRADOR CRIAÇÃO]] -> GUSTAVO RAMOS/ARQUIVO DA EDITORA | AD95: ="EF1 E001 HGC" -> EF1 E001 HGC
A96: i0336_1p011chg_g27_e001 | B96: PRONTA | C96: ILUSTRAÇÃO | D96: MIOLO | E96: 121 | F96: 1 | G96: 2 | I96: RESGATE | O96: Resgatar ilustração mulher e homem, código antigo: i0421gr_1pmh_g19_mdn. Veio de 1NPI_G23, p. 71. | W96: gr | X96: =IF(Tabela2[[#This Row],[SIGLA]]="","",VLOOKUP(Tabela2[[#This Row],[SIGLA]],créditos_base!B:C,2,0)) -> GUSTAVO RAMOS/ARQUIVO DA EDITORA | Z96: =Tabela2[[#This Row],[ILUSTRADOR CRIAÇÃO]] -> GUSTAVO RAMOS/ARQUIVO DA EDITORA | AD96: ="EF1 E001 HGC" -> EF1 E001 HGC
A97: i0337_1p011chg_g27_e001 | B97: PRONTA | C97: ILUSTRAÇÃO | D97: MIOLO | E97: 121 | F97: 1 | G97: 2 | I97: RESGATE | O97: Resgatar ilustração de homem e mulher abraçando uma senhora, código antigo: i0422gr_1pmh_g19_mdn_ef. Veio de 1NPI_G23, p. 71. | W97: gr | X97: =IF(Tabela2[[#This Row],[SIGLA]]="","",VLOOKUP(Tabela2[[#This Row],[SIGLA]],créditos_base!B:C,2,0)) -> GUSTAVO RAMOS/ARQUIVO DA EDITORA | Z97: =Tabela2[[#This Row],[ILUSTRADOR CRIAÇÃO]] -> GUSTAVO RAMOS/ARQUIVO DA EDITORA | AD97: ="EF1 E001 HGC" -> EF1 E001 HGC
A98: i0338_1p011chg_g27_e001 | B98: PRONTA | C98: ILUSTRAÇÃO | D98: MIOLO | E98: 121 | F98: 1 | G98: 2 | I98: RESGATE | O98: Resgatar ilustração de mulher e homem se olhando, código antigo: i0423gr_1pmh_g19_mdn_ef. Veio de 1NPI_G23, p. 71. | W98: gr | X98: =IF(Tabela2[[#This Row],[SIGLA]]="","",VLOOKUP(Tabela2[[#This Row],[SIGLA]],créditos_base!B:C,2,0)) -> GUSTAVO RAMOS/ARQUIVO DA EDITORA | Z98: =Tabela2[[#This Row],[ILUSTRADOR CRIAÇÃO]] -> GUSTAVO RAMOS/ARQUIVO DA EDITORA | AD98: ="EF1 E001 HGC" -> EF1 E001 HGC
A99: i0339_1p011chg_g27_e001 | B99: PRONTA | C99: ILUSTRAÇÃO | D99: MIOLO | E99: 125 | F99: 1 | G99: 2 | I99: AJUSTE | O99: Resgatar ilustração de uma cozinha Veio do g23_mdn_lt_1npc_p091, código antigo i0807ly_1pmc_g19_mdn Ajuste: Melhorar um pouco a perspectiva conforme sugestão da Arte: Retirar um pedaço da pia (do jeito que estava, nem fazia sentido as portas abrirem). Reformar toda a mesa e cadeiras ao centro, de forma que combinem com o resto da perspectiva da ilustra. | Q99: 2 | R99: 45744 | S99: 45744 | V99: 45749 | W99: ly | X99: =IF(Tabela2[[#This Row],[SIGLA]]="","",VLOOKUP(Tabela2[[#This Row],[SIGLA]],créditos_base!B:C,2,0)) -> LISLLEY GOMES FEIGE/ARQUIVO DA EDITORA | Y99: Rafaela Panissa | Z99: =Tabela2[[#This Row],[ILUSTRADOR CRIAÇÃO]] -> LISLLEY GOMES FEIGE/ARQUIVO DA EDITORA | AA99: 13 | AC99: FINALIZADO | AD99: ="EF1 E001 HGC" -> EF1 E001 HGC
A100: i0340_1p011chg_g27_e001 | B100: PRONTA | C100: ILUSTRAÇÃO | D100: MIOLO | E100: 136 | F100: 1 | G100: 2 | I100: AJUSTE | O100: Resgatar ilustração de menino escolhendo uma calça. Veio do g23_mdn_lt_1npc_p098, código antigo i0831aly_1pmc_g19_mdn_ly Recado leitura plástica: Ajustar o recorte da ilustração se colocar um fundo cor já melhora | Q100: 2 | R100: 45744 | S100: 45744 | V100: 45749 | W100: ly | X100: =IF(Tabela2[[#This Row],[SIGLA]]="","",VLOOKUP(Tabela2[[#This Row],[SIGLA]],créditos_base!B:C,2,0)) -> LISLLEY GOMES FEIGE/ARQUIVO DA EDITORA | Y100: Rafaela Panissa | Z100: =Tabela2[[#This Row],[ILUSTRADOR CRIAÇÃO]] -> LISLLEY GOMES FEIGE/ARQUIVO DA EDITORA | AA100: 13 | AC100: FINALIZADO | AD100: ="EF1 E001 HGC" -> EF1 E001 HGC
A101: i0341_1p011chg_g27_e001 | B101: EXCLUIDA | C101: ILUSTRAÇÃO | D101: MIOLO | E101: 136 | F101: 1 | G101: 2 | I101: AJUSTE | O101: Resgatar ilustração de menino finalizando uma compra. Veio do g23_mdn_lt_1npc_p098, código antigo i0831bly_1pmc_g19_mdn_ly Recado leitura plástica: Ajustar o recorte da ilustração se colocar um fundo cor já melhora | Q101: 2 | R101: 45744 | S101: 45744 | V101: 45749 | W101: ly | X101: =IF(Tabela2[[#This Row],[SIGLA]]="","",VLOOKUP(Tabela2[[#This Row],[SIGLA]],créditos_base!B:C,2,0)) -> LISLLEY GOMES FEIGE/ARQUIVO DA EDITORA | Y101: Rafaela Panissa | Z101: =Tabela2[[#This Row],[ILUSTRADOR CRIAÇÃO]] -> LISLLEY GOMES FEIGE/ARQUIVO DA EDITORA | AA101: 13 | AC101: FINALIZADO | AD101: ="EF1 E001 HGC" -> EF1 E001 HGC
A102: i0342_1p011chg_g27_e001 | B102: PRONTA | C102: ILUSTRAÇÃO | D102: MIOLO | E102: 137 | F102: 1 | G102: 2 | I102: AJUSTE | O102: Resgatar ilustração de menino com um brinquedo na mão. Veio do g23_mdn_lt_1npc_p099, código antigo i0831cly_1pmc_g19_mdn_ly Recado leitura plástica: Ajustar o recorte da ilustração se colocar um fundo cor já melhora | Q102: 2 | R102: 45744 | S102: 45744 | V102: 45749 | W102: ly | X102: =IF(Tabela2[[#This Row],[SIGLA]]="","",VLOOKUP(Tabela2[[#This Row],[SIGLA]],créditos_base!B:C,2,0)) -> LISLLEY GOMES FEIGE/ARQUIVO DA EDITORA | Y102: Rafaela Panissa | Z102: =Tabela2[[#This Row],[ILUSTRADOR CRIAÇÃO]] -> LISLLEY GOMES FEIGE/ARQUIVO DA EDITORA | AA102: 13 | AC102: FINALIZADO | AD102: ="EF1 E001 HGC" -> EF1 E001 HGC
A103: i0343_1p011chg_g27_e001 | B103: PRONTA | C103: ILUSTRAÇÃO | D103: MIOLO | E103: 137 | F103: 1 | G103: 2 | I103: AJUSTE | O103: Resgatar ilustração de menino separando lixo. Veio do g23_mdn_lt_1npc_p099, código antigo i0831dly_1pmc_g19_mdn_ly Recado leitura plástica: Ajustar o recorte da ilustração se colocar um fundo cor já melhora | Q103: 2 | R103: 45744 | S103: 45744 | V103: 45749 | W103: ly | X103: =IF(Tabela2[[#This Row],[SIGLA]]="","",VLOOKUP(Tabela2[[#This Row],[SIGLA]],créditos_base!B:C,2,0)) -> LISLLEY GOMES FEIGE/ARQUIVO DA EDITORA | Y103: Rafaela Panissa | Z103: =Tabela2[[#This Row],[ILUSTRADOR CRIAÇÃO]] -> LISLLEY GOMES FEIGE/ARQUIVO DA EDITORA | AA103: 13 | AC103: FINALIZADO | AD103: ="EF1 E001 HGC" -> EF1 E001 HGC
A104: i0344_1p011chg_g27_e001 | B104: EXCLUIDA | C104: ILUSTRAÇÃO | D104: MIOLO | E104: 137 | F104: 1 | G104: 2 | I104: AJUSTE | O104: Resgatar ilustração de menino escolhendo um produto Veio do g23_mdn_lt_1npc_p099 código antigo i0831ely_1pmc_g19_mdn_ly Recado leitura plástica: Ajustar o recorte da ilustração se colocar um fundo cor já melhora | Q104: 2 | R104: 45744 | S104: 45744 | V104: 45749 | W104: ly | X104: =IF(Tabela2[[#This Row],[SIGLA]]="","",VLOOKUP(Tabela2[[#This Row],[SIGLA]],créditos_base!B:C,2,0)) -> LISLLEY GOMES FEIGE/ARQUIVO DA EDITORA | Y104: Rafaela Panissa | Z104: =Tabela2[[#This Row],[ILUSTRADOR CRIAÇÃO]] -> LISLLEY GOMES FEIGE/ARQUIVO DA EDITORA | AA104: 13 | AC104: FINALIZADO | AD104: ="EF1 E001 HGC" -> EF1 E001 HGC
A105: i0345_1p011chg_g27_e001 | B105: PRONTA | C105: ILUSTRAÇÃO | D105: MIOLO | F105: 1 | G105: 2 | I105: RESGATE | O105: Resgatar ilustração de menina ruiva, código antigo: i0610Avf_1m2seh_m20_stl_ly. Veio de 1NPI_G23, p. 75. | W105: vf | X105: =IF(Tabela2[[#This Row],[SIGLA]]="","",VLOOKUP(Tabela2[[#This Row],[SIGLA]],créditos_base!B:C,2,0)) -> VICTOR LEMOS/ARQUIVO DA EDITORA | Z105: =Tabela2[[#This Row],[ILUSTRADOR CRIAÇÃO]] -> VICTOR LEMOS/ARQUIVO DA EDITORA | AD105: ="EF1 E001 HGC" -> EF1 E001 HGC
A106: i0346_1p011chg_g27_e001 | B106: PRONTA | C106: ILUSTRAÇÃO | D106: MIOLO | F106: 1 | G106: 2 | I106: RESGATE | O106: Resgatar ilustração de menino moreno, código antigo: i0611Avf_1m2seh_m20_stl_ly. Veio de 1NPI_G23, p. 75. | W106: vf | X106: =IF(Tabela2[[#This Row],[SIGLA]]="","",VLOOKUP(Tabela2[[#This Row],[SIGLA]],créditos_base!B:C,2,0)) -> VICTOR LEMOS/ARQUIVO DA EDITORA | Z106: =Tabela2[[#This Row],[ILUSTRADOR CRIAÇÃO]] -> VICTOR LEMOS/ARQUIVO DA EDITORA | AD106: ="EF1 E001 HGC" -> EF1 E001 HGC
A107: i0347_1p011chg_g27_e001 | B107: PRONTA | C107: ILUSTRAÇÃO | D107: MIOLO | F107: 1 | G107: 2 | I107: RESGATE | O107: Resgatar ilustração de menina morena, código antigo: i0612Avf_1m2seh_m20_stl_ef. Veio de 1NPI_G23, p. 75. | W107: vf | X107: =IF(Tabela2[[#This Row],[SIGLA]]="","",VLOOKUP(Tabela2[[#This Row],[SIGLA]],créditos_base!B:C,2,0)) -> VICTOR LEMOS/ARQUIVO DA EDITORA | Z107: =Tabela2[[#This Row],[ILUSTRADOR CRIAÇÃO]] -> VICTOR LEMOS/ARQUIVO DA EDITORA | AD107: ="EF1 E001 HGC" -> EF1 E001 HGC
A108: i0348_1p011chg_g27_e001 | B108: PRONTA | C108: ILUSTRAÇÃO | D108: MIOLO | F108: 1 | G108: 2 | I108: RESGATE | O108: Resgatar ilustração de pai, mãe e menina, código antigo: i0611Bvf_1m2seh_m20_stl_ly. Veio de 1NPI_G23, p. 75. | W108: vf | X108: =IF(Tabela2[[#This Row],[SIGLA]]="","",VLOOKUP(Tabela2[[#This Row],[SIGLA]],créditos_base!B:C,2,0)) -> VICTOR LEMOS/ARQUIVO DA EDITORA | Z108: =Tabela2[[#This Row],[ILUSTRADOR CRIAÇÃO]] -> VICTOR LEMOS/ARQUIVO DA EDITORA | AD108: ="EF1 E001 HGC" -> EF1 E001 HGC
A109: i0349_1p011chg_g27_e001 | B109: PRONTA | C109: ILUSTRAÇÃO | D109: MIOLO | F109: 1 | G109: 2 | I109: RESGATE | O109: Resgatar ilustração de família grande, código antigo: i0612Bvf_1m2seh_m20_stl_ly_ef. Veio de 1NPI_G23, p. 75. | W109: vf | X109: =IF(Tabela2[[#This Row],[SIGLA]]="","",VLOOKUP(Tabela2[[#This Row],[SIGLA]],créditos_base!B:C,2,0)) -> VICTOR LEMOS/ARQUIVO DA EDITORA | Z109: =Tabela2[[#This Row],[ILUSTRADOR CRIAÇÃO]] -> VICTOR LEMOS/ARQUIVO DA EDITORA | AD109: ="EF1 E001 HGC" -> EF1 E001 HGC
A110: i0350_1p011chg_g27_e001 | B110: PRONTA | C110: ILUSTRAÇÃO | D110: MIOLO | F110: 1 | G110: 2 | I110: RESGATE | O110: Resgatar ilustração de homem e mulher, código antigo: i0610Bvf_1m2seh_m20_stl_ly. Veio de 1NPI_G23, p. 75. | W110: vf | X110: =IF(Tabela2[[#This Row],[SIGLA]]="","",VLOOKUP(Tabela2[[#This Row],[SIGLA]],créditos_base!B:C,2,0)) -> VICTOR LEMOS/ARQUIVO DA EDITORA | Z110: =Tabela2[[#This Row],[ILUSTRADOR CRIAÇÃO]] -> VICTOR LEMOS/ARQUIVO DA EDITORA | AD110: ="EF1 E001 HGC" -> EF1 E001 HGC
A111: i0351_1p011chg_g27_e001 | B111: PRONTA | C111: ILUSTRAÇÃO | D111: MIOLO | F111: 1 | G111: 2 | I111: RESGATE | O111: Ilustração de travesseiro, código antigo: i1023rm_1npg_g23_mdn. Veio de 1NPI_G23, p. 77. | W111: rm | X111: =IF(Tabela2[[#This Row],[SIGLA]]="","",VLOOKUP(Tabela2[[#This Row],[SIGLA]],créditos_base!B:C,2,0)) -> HELOÍSA PINTARELLI/ARQUIVO DA EDITORA | Z111: =Tabela2[[#This Row],[ILUSTRADOR CRIAÇÃO]] -> HELOÍSA PINTARELLI/ARQUIVO DA EDITORA | AD111: ="EF1 E001 HGC" -> EF1 E001 HGC
...

Sheet créditos_base
A1: CRÉDITOS GERAIS DA MODERNA PARA REFERÊNCIA - EF1
A2: Nome do ilustrador | B2: Sigla Arte | C2: Crédito
A3: Nome do ilustrador | B3: Sigla Arte | C3: Crédito
A4: Acervo da editora | B4: xx | C4: ARQUIVO DA EDITORA
A5: Sigla ZZ (ver documento de ils. técnicas) | B5: zz | C5: VER DOCUMENTO DE ILS. TÉCNICAS
A6: ILUSTRAÇOES DE PROVAS OFICIAIS (somente se não houver crédito) | B6: yv | C6: NOME DA UNIVERSIDADE/ANO - UNICAMP 2024 NOME DO ILUSTRADOR (AJUSTE)/ARQUIVO DA EDITORA/UNIVERSIDADE ANO
A7: ILUSTRAÇÕES DE PLACAS DE TRÂNSITO | B7: yy | C7: NOME DO ILUSTRADOR/ARQUIVO DA EDITORA
A8: ILUSTRAÇÕES DE BANDEIRAS DE PAÍS | B8: yp | C8: NOME DO ILUSTRADOR/ARQUIVO DA EDITORA
A9: ILUSTRAÇÕES DE BANDEIRAS DE ESTADO | B9: ye | C9: NOME DO ILUSTRADOR/ARQUIVO DA EDITORA
A10: ILUSTRAÇÕES GERADAS POR PROGRAMAS C/ IA | B10: ia | C10: ARQUIVO DA EDITORA
A11: Arte | B11: a | C11: ARTE
A12: 3 Pixel Studio | B12: px | C12: ROBSON OLIVIERIA/ARQUIVO DA EDITORA
A13: A7 Estudio | B13: ao | C13: JORGE RIBEIRO/ARQUIVO DA EDITORA
... A41: Beatriz Mayumi | B41: bm | C41: BEATRIZ MAYUMI/ARQUIVO DA EDITORA
A42: Belli Studio Design | B42: bl
A43: Bernardo França | B43: be | C43: BERNARDO FRANÇA/ARQUIVO DA EDITORA
A44: Bianca Nazari | B44: bi | C44: BIANCA NAZARI/ARQUIVO DA EDITORA
A45: Brenda Bossato | B45: bd | C45: BRENDA BOSSATO/ARQUIVO DA EDITORA
A46: Brenda Goes | B46: bg | C46: BRENDA GOES/ARQUIVO DA EDITORA
A47: Bruna Campos | B47: bp | C47: BRUNA CAMPOS/ARQUIVO DA EDITORA
A48: Brunna Mancuso | B48: bs | C48: BRUNNA MANCUSO/ARQUIVO DA EDITORA
A49: Bruna Menezes | B49: bz | C49: BRUNA MENEZES/ARQUIVO DA EDITORA
A50: Bruno Badain | B50: bb | C50: BRUNO BADAIN/ARQUIVO DA EDITORA
A51: Bruno H. S. Cerkuenik | B51: bc | C51: BRUNO CERKUENIK/ARQUIVO DA EDITORA
A52: Bruno Nunes Coelho | B52: bn | C52: BRUNO NUNES/ARQUIVO DA EDITORA
A53: Bruno Oliveira Sampaio | B53: br | C53: BRUNO SAMPAIO/ARQUIVO DA EDITORA
A54: Bruno Rosal de Vasconcelos | B54: bu
A55: Caio Hideki Takaso Tanaka | B55: ct | C55: CAIO TANAKA/ARQUIVO DA EDITORA
A56: Camila Cristiane Pereira dos Santos | B56: cd
A57: Camila Ferreira Carmona | B57: ca | C57: CAMILA CARMONA/ARQUIVO DA EDITORA
A58: Carlitos Pinheiro | B58: cq | C58: CARLITOS PINHEIRO/ARQUIVO DA EDITORA
A59: Carlos Alberto Borin Junior | B59: cj | C59: CARLOS BORIN/ARQUIVO DA EDITORA
A60: Carlos Eduardo Nascimento | B60: cn | C60: CARLOS EDUARDO NASCIMENTO/ARQUIVO DA EDITORA
A61: Carmen Ferreira Martinez | B61: cc | C61: CARMEN MARTINEZ/ARQUIVO DA EDITORA
A62: Carol Rempto | B62: cw | C62: CAROL REMPTO/ARQUIVO DA EDITORA
A63: Carol Sartori | B63: cx | C63: CAROL SARTORI/ARQUIVO DA EDITORA
A64: Carolina Coroa | B64: kk | C64: CAROLINA COROA/ARQUIVO DA EDITORA
A65: Caroline Romão Bezerra | B65: co | C65: CAROLINE ROMÃO BEZERRA/ARQUIVO DA EDITORA
A66: Cartoon Pro | B66: cp
A67: Cássio Bittencourt | B67: cs | C67: CÁSSIO BITTENCOURT/ARQUIVO DA EDITORA
A68: Cássio Yoshiyaki Shibukawa | B68: cy | C68: CÁSSIO YOSHIYAKI SHIBUKAWA/ARQUIVO DA EDITORA
A69: Cátia Germani | B69: cm | C69: CÁTIA GERMANI/ARQUIVO DA EDITORA
A70: Cauê Zunchini | B70: ci | C70: CAUÊ ZUNCHINI/ARQUIVO DA EDITORA
A71: Cecilia Andrade | B71: cl | C71: CECILIA ANDRADE/ARQUIVO DA EDITORA
A72: Chanceler | B72: ch
A73: Chris Borges | B73: cg | C73: CHRIS BORGES/ARQUIVO DA EDITORA
A74: Clarissa França | B74: cf | C74: CLARISSA FRANÇA/ARQUIVO DA EDITORA
A75: Claudia Brito | B75: cb | C75: CLAUDIA BRITO/ARQUIVO DA EDITORA
A76: Claudia Souza | B76: cz | C76: CLAUDIA SOUZA/ARQUIVO DA EDITORA
A77: Copa Studio | B77: ap
A78: Cria Ideias | B78: cr
A79: Cris Eich (Maria Cristina Pires de Carvalho) | B79: ce | C79: CRIS EICH/ARQUIVO DA EDITORA
A80: Cynthia Sekiguchi | B80: ck | C80: CYNTHIA SEKIGUCHI/ARQUIVO DA EDITORA
A81: Dani Mota | B81: dm | C81: DANI MOTA/ARQUIVO DA EDITORA
A82: Daniel Araujo | B82: da | C82: DANIEL ARAUJO/ARQUIVO DA EDITORA
A83: Daniel Carvalho | B83: dc | C83: DANIEL CARVALHO/ARQUIVO DA EDITORA
A84: Daniel Wu | B84: dw | C84: DANIEL WU/ARQUIVO DA EDITORA
A85: Daniel Zeppo | B85: dz | C85: DANIEL GUSTAVO SILVA GONÇALVES/ARQUIVO DA EDITORA
A86: Danielle Pioli | B86: dp | C86: DANIELLE PIOLI/ARQUIVO DA EDITORA
A87: Danillo Souza | B87: dl | C87: DANILLO SOUZA/ARQUIVO DA EDITORA
A88: Danilo Santos - Red Dragon | B88: dd | C88: DANILO SANTOS/ARQUIVO DA EDITORA
A89: Davi Augusto | B89: do | C89: DAVI AUGUSTO/ARQUIVO DA EDITORA
A90: David Renó | B90: dv | C90: DAVI RENÓ/ARQUIVO DA EDITORA
... A108: Erika Lourenço | B108: ek | C108: ERIKA LOURENÇO/ARQUIVO DA EDITORA
A109: Estúdio Amplarena | B109: al
A110: Estúdio Guerra | B110: eg
A111: Estúdio Ilustranet | B111: it | C111: RUBENS TAVARES LIMA FILHO/ARQUIVO DA EDITORA
A112: Estúdio Kiwi | B112: kw | C112: THIAGO LOPES/ARQUIVO DA EDITORA
A113: Estúdio Lab307 | B113: lb | C113: ERIK MALAGRINO/ARQUIVO DA EDITORA
A114: Estúdio Meraki | B114: mk | C114: NATANAELE BILMAIA/ARQUIVO DA EDITORA
A115: Estúdio Mil | B115: em
A116: Estúdio Orangotango | B116: eo
A117: Estúdio Ornitorrinco | B117: ec | C117: MÁRCIO GUERRA/ARQUIVO DA EDITORA
A118: Estúdio Um mais Dois | B118: ud
A119: Ezequiel Silva (Monge Lua) | B119: ez | C119: EZEQUIEL SILVA/ARQUIVO DA EDITORA
A120: Ewerton Xavier | B120: ex | C120: EWERTON XAVIER/ARQUIVO DA EDITORA
A121: Fabio Eugenio | B121: fe | C121: FABIO EUGENIO/ARQUIVO DA EDITORA
A122: Fabíola Petri | B122: fp | C122: FABÍOLA PETRI/ARQUIVO DA EDITORA
A123: Felipe Grigoli | B123: fg | C123: FELIPE GRIGOLI/ARQUIVO DA EDITORA
A124: Fernanda Monteiro | B124: fm | C124: FERNANDA MONTEIRO/ARQUIVO DA EDITORA
A125: Fernanda Pardini Biagio | B125: fb | C125: FERNANDA PARDINI BIAGIO/ARQUIVO DA EDITORA
A126: Flávia Nunes | B126: fn | C126: FLÁVIA NUNES/ARQUIVO DA EDITORA
A127: Flavio Roberto Pereira | B127: fl | C127: FLAVIO PEREIRA/ARQUIVO DA EDITORA
A128: Francine Matsumoto | B128: fr | C128: FRAN MATSUMOTO/ARQUIVO DA EDITORA
A129: Gabi Vasko | B129: gv | C129: GABI VASKO/ARQUIVO DA EDITORA
A130: Gabriel Kyu | B130: gk | C130: GABRIEL KYU/ARQUIVO DA EDITORA
... A138: Giully Leão | B138: gy | C138: GIULLY LEÃO/ARQUIVO DA EDITORA
A139: Giz de Cera Studio | B139: gz
A140: Graphorama | B140: gh
A141: Graziela Andrade | B141: ge | C141: GRAZIELA ANDRADE/ARQUIVO DA EDITORA
A142: Guilherme Aranega - Estudio Rufus | B142: gn | C142: GUILHERME ARANEGA/ARQUIVO DA EDITORA
A143: Guilherme Casagrandi | B143: gg | C143: GUILHERME CASAGRANDI/ARQUIVO DA EDITORA
A144: Guilherme Da Cas | B144: gc | C144: GUILHERME DA CAS/ARQUIVO DA EDITORA
A145: Gustavo Conti | B145: gu | C145: GUSTAVO CONTI/ARQUIVO DA EDITORA
A146: Gustavo Pedrosa | B146: gp | C146: GUSTAVO PEDROSA/ARQUIVO DA EDITORA
A147: Gustavo Ramos | B147: gr | C147: GUSTAVO RAMOS/ARQUIVO DA EDITORA
A148: Heloísa Pintarelli | B148: he | C148: HELOÍSA PINTARELLI/ARQUIVO DA EDITORA
A149: Henrique Dan Fuzitani | B149: hf | C149: HENRIQUE DAN FUZITANI/ARQUIVO DA EDITORA
A150: Henrique Jorge | B150: hj | C150: HENRIQUE JORGE G. M. SILVA/ARQUIVO DA EDITORA
A151: Hiro Kawahara | B151: hk | C151: HIRO KAWAHARA/ARQUIVO DA EDITORA
...

Sheet metadados
A1: PRÉ-EDIÇÃO | B1: ILUSTRAÇÃO | C1: CAPA | D1: 1 | E1: AJUSTE | F1: SCRIBA | G1: 1 | H1: PREVISAO
A2: EDICAO_EQUIPE | B2: IL TEC ARTE | C2: APRESENT. | D2: 2 | E2: NOVA | F2: FTD | G2: 2 | H2: FINALIZADO
A3: EDICAO_ARTE | B3: IL + FOTO | C3: SUMÁRIO | D3: 3 | E3: RESGATE | F3: MDN | G3: 3 | H3: FINALIZADO RAFE
A4: ILUSTRANDO | B4: MAPA | C4: ABERTURA | D4: 4 | F4: SABER | G4: 4 | H4: PAGO
A5: AVALIANDO | B5: GRÁFICO | C5: MIOLO | D5: 5 | F5: SM | G5: 5 | H5: PAGO RAFE
A6: AJUSTANDO | B6: LINHA TEMPO | C6: PAG.ESPECIAL | D6: 6 | F6: SCP | G6: 6
A7: FINALIZANDO | B7: INFOGRÁFICO | C7: MP-G | D7: ÚNICO | F7: ABR | G7: 7
A8: PRONTA | C8: MP-E | F8: BASE | G8: 8
A9: APLICADA | F9: IBEP | G9: 9
A10: EXCLUIDA | F10: LEYA | G10: 10
F11: SARAIVA | G11: 11
F12: SANTILLANA | G12: 12
F13: QUINTETO | G13: 13
G14: 14
